Name,Location,Partner Tier,Website,Industries,Services,Products,Languages,Min Budget,Locations Served,Description,WooCommerce Profile URL,Agency LinkedIn,Founder Name,Founder LinkedIn,Partnership POC Name,Partnership POC LinkedIn,Contact Email
Saucal,Canada,Pro Partner,https://saucal.com/woocommerce/,"Legal & Professional Services, Agriculture & Farming, Fashion & Beauty, E-commerce & Retail, Energy & Utilities, Automotive & Transportation","Site Migration and Platform Integration, Website or Online Store Development, eCommerce Consulting, Website Performance Optimization, Site Maintenance & Plugin Management","WooCommerce, WordPress VIP, Pressable","English, Portuguese, Spanish",$10000,Worldwide,"Accepting new clients Pro Partner Saucal Canada Contact on partner website Industries Legal & Professional Services Agriculture & Farming Fashion & Beauty E-commerce & Retail Energy & Utilities Automotive & Transportation Services Site Migration and Platform Integration Website or Online Store Development eCommerce Consulting Website Performance Optimization Site Maintenance & Plugin Management Products WooCommerce WordPress VIP Pressable Accepts projects starting from $10000 Locations served Worldwide Languages spoken English Portuguese Spanish Saucal 🚀 Unleash Your Store’s Potential with WooCommerce Experts Trusted by Amazon, Facebook, and More At Saucal, we help eCommerce businesses achieve more—whether it’s building custom stores, managing critical integrations, or optimizing performance. We’ve powered global leaders like Amazon, Automattic, and Pinterest. Let’s make your business the next success story. 👥 Why Leading Businesses Choose Saucal From household names like Amazon and Fa",https://woocommerce.com/development-services/saucal/231985020/,https://www.linkedin.com/company/saucal,X,X,X,X,yo@saucal.com
Buro Staal,Netherlands,Partner,https://burostaal.nl,"Automotive & Transportation, Construction & Engineering, E-commerce & Retail, Entertainment & Media, Events & Conferences, Finance & Insurance, Legal & Professional Services, Agriculture & Farming, Logistics & Supply Chain, Marketing & Advertising, Environmental & Sustainability, Nonprofits & NGOs, Fashion & Beauty, Education & E-Learning, Real Estate & Property, Manufacturing & Industry, Travel & Hospitality, Sports & Recreation, Technology & IT Services, Food & Beverage","eCommerce Consulting, International and Multilingual Consulting, Site Maintenance & Plugin Management, Website or Online Store Development, Site Migration and Platform Integration",WooCommerce,"Dutch, English",$5000,Netherlands,"Accepting new clients Partner Buro Staal Netherlands Contact on partner website Industries Automotive & Transportation Construction & Engineering E-commerce & Retail Entertainment & Media Events & Conferences Finance & Insurance Legal & Professional Services Agriculture & Farming Logistics & Supply Chain Marketing & Advertising Environmental & Sustainability Nonprofits & NGOs Fashion & Beauty Education & E-Learning Real Estate & Property Manufacturing & Industry Travel & Hospitality Sports & Recreation Technology & IT Services Food & Beverage Services eCommerce Consulting International and Multilingual Consulting Site Maintenance & Plugin Management Website or Online Store Development Site Migration and Platform Integration Products WooCommerce Accepts projects starting from $5000 Locations served Netherlands Languages spoken Dutch English Buro Staal No-nonsense specialist in WooCommerce webshops We make webshops the way they are meant to be: clear, user-friendly, and profitable. Our w",https://woocommerce.com/development-services/buro-staal/234198485/,X,X,X,X,X,info@burostaal.nl
Marketing the Change,United Kingdom,Pro Partner,https://marketingthechange.com,"Agriculture & Farming, Arts & Culture, Automotive & Transportation, Construction & Engineering, E-commerce & Retail, Education & E-Learning, Energy & Utilities, Entertainment & Media, Environmental & Sustainability, Events & Conferences, Fashion & Beauty, Finance & Insurance, Food & Beverage, Government & Public Services, Healthcare & Medical, Legal & Professional Services, Logistics & Supply Chain, Manufacturing & Industry, Marketing & Advertising, Nonprofits & NGOs, Real Estate & Property, Sports & Recreation, Technology & IT Services, Travel & Hospitality","Search Engine Optimization (SEO), Website or Online Store Development, Website Performance Optimization, Site Maintenance & Plugin Management, Paid Advertising","Jetpack, Pressable, WooCommerce, WordPress VIP, WordPress.com","English, British English",$0,Worldwide,Accepting new clients Pro Partner Marketing the Change United Kingdom Contact on partner website Industries Agriculture & Farming Arts & Culture Automotive & Transportation Construction & Engineering E-commerce & Retail Education & E-Learning Energy & Utilities Entertainment & Media Environmental & Sustainability Events & Conferences Fashion & Beauty Finance & Insurance Food & Beverage Government & Public Services Healthcare & Medical Legal & Professional Services Logistics & Supply Chain Manufacturing & Industry Marketing & Advertising Nonprofits & NGOs Real Estate & Property Sports & Recreation Technology & IT Services Travel & Hospitality Services Search Engine Optimization (SEO) Website or Online Store Development Website Performance Optimization Site Maintenance & Plugin Management Paid Advertising Products Jetpack Pressable WooCommerce WordPress VIP WordPress.com Accepts projects starting from $0 Locations served Worldwide Languages spoken English British English Marketing the Ch,https://woocommerce.com/development-services/marketing-the-change/236282624/,X,X,X,X,X,info@marketingthechange.com
The Digital Maze,United Kingdom,Pro Partner,https://thedigitalmaze.com/,"E-commerce & Retail, Food & Beverage, Travel & Hospitality, Construction & Engineering, Automotive & Transportation, Fashion & Beauty, Healthcare & Medical, Manufacturing & Industry, Real Estate & Property, Sports & Recreation","Website or Online Store Development, Search Engine Optimization (SEO), Paid Advertising, eCommerce Consulting, Conversion Rate & Checkout Optimization","WooCommerce, WordPress.com","British English, English",$5000,United Kingdom,"Accepting new clients Pro Partner The Digital Maze United Kingdom Contact on partner website Industries E-commerce & Retail Food & Beverage Travel & Hospitality Construction & Engineering Automotive & Transportation Fashion & Beauty Healthcare & Medical Manufacturing & Industry Real Estate & Property Sports & Recreation Services Website or Online Store Development Search Engine Optimization (SEO) Paid Advertising eCommerce Consulting Conversion Rate & Checkout Optimization Products WooCommerce WordPress.com Accepts projects starting from $5000 Locations served United Kingdom Languages spoken British English English The Digital Maze Blending data & experience to reveal the true potential of your brand. We Are The Digital Maze, a full-service digital marketing agency that blends data-driven insights with creative strategies to deliver remarkable results for our clients. Based in the East Midlands, UK, we specialise in eCommerce and provide transformational solutions designed to build lon",https://woocommerce.com/development-services/the-digital-maze/234036126/,https://www.linkedin.com/company/the-digital-maze,"Rob Twells
Co",https://www.linkedin.com/in/rob-twells,X,https://www.linkedin.com/in/neilbates95,hello@thedigitalmaze.com
Absolute Web,United States,Pro Partner,https://absoluteweb.com/ecommerce-agency/woocommerce-development/,"Legal & Professional Services, Agriculture & Farming, Fashion & Beauty, E-commerce & Retail, Automotive & Transportation, Energy & Utilities","eCommerce Consulting, Growth Consulting, Content Strategy & Development, Email Marketing & Social Media, Site Maintenance & Plugin Management, Paid Advertising, Website or Online Store Development","WooCommerce, WordPress VIP, Jetpack, WordPress.com, Pressable","English, Spanish",$5000,Worldwide,"Accepting new clients Pro Partner Absolute Web United States Contact on partner website Industries Legal & Professional Services Agriculture & Farming Fashion & Beauty E-commerce & Retail Automotive & Transportation Energy & Utilities Services eCommerce Consulting Growth Consulting Content Strategy & Development Email Marketing & Social Media Site Maintenance & Plugin Management Paid Advertising Website or Online Store Development Products WooCommerce WordPress VIP Jetpack WordPress.com Pressable Accepts projects starting from $5000 Locations served Worldwide Languages spoken English Spanish Absolute Web Based in Miami, FL, since 1999. 🌴 Absolute Web is a leading WooCommerce Development Agency offering a comprehensive suite of services including custom development , innovative UI/UX design , seamless API integrations , conversion optimization , and strategic marketing . Our expertise extends to WooCommerce customization, crafting bespoke solutions, and providing ongoing maintenance and",https://woocommerce.com/development-services/absolute-web/233772315/,https://www.linkedin.com/company/absolute-web-services-inc,Mike Rossi,X,X,X,X
conversionmedia GmbH & Co. KG,Germany,X,https://www.conversionmedia.de/onlineshop-erstellen-lassen/,"Legal & Professional Services, Agriculture & Farming, Fashion & Beauty, E-commerce & Retail, Energy & Utilities, Automotive & Transportation","Conversion Rate & Checkout Optimization, Website or Online Store Development, eCommerce Consulting, Site Maintenance & Plugin Management, Site Migration and Platform Integration, Paid Advertising, Search Engine Optimization (SEO), Website Performance Optimization, Content Strategy & Development",WooCommerce,"English, German",$5000,Worldwide,"Accepting new clients conversionmedia GmbH & Co. KG Germany Contact on partner website Industries Legal & Professional Services Agriculture & Farming Fashion & Beauty E-commerce & Retail Energy & Utilities Automotive & Transportation Services Conversion Rate & Checkout Optimization Website or Online Store Development eCommerce Consulting Site Maintenance & Plugin Management Site Migration and Platform Integration Paid Advertising Search Engine Optimization (SEO) Website Performance Optimization Content Strategy & Development Products WooCommerce Accepts projects starting from $5000 Locations served Worldwide Languages spoken English German conversionmedia GmbH & Co. KG Starte mit uns als Onlineshop Agentur richtig durch. Als Experten für WordPress haben wir uns auch auf die zukunftsfähige Shop Erweiterung WooCommerce spezialisiert und bieten Onlineshops, die weit über den klassischen Baukasten hinausgehen und ideal für die Direktvermarktung geeignet sind. Alles, was WooCommerce noch ni",https://woocommerce.com/development-services/conversionmedia-gmbh-co-kg/234605643/,X,X,X,X,X,"vertrieb@conversionmedia.de, info@conversionmedia.de"
Filter,United Kingdom,X,https://filter.agency/landing/woocommerce/,"Legal & Professional Services, E-commerce & Retail, Automotive & Transportation","Content Strategy & Development, Site Migration and Platform Integration, Website or Online Store Development, eCommerce Consulting, Site Maintenance & Plugin Management, Website Performance Optimization","WooCommerce, WordPress VIP",English,$20000,Worldwide,"Accepting new clients Filter United Kingdom Contact on partner website Industries Legal & Professional Services E-commerce & Retail Automotive & Transportation Services Content Strategy & Development Site Migration and Platform Integration Website or Online Store Development eCommerce Consulting Site Maintenance & Plugin Management Website Performance Optimization Products WooCommerce WordPress VIP Accepts projects starting from $20000 Locations served Worldwide Languages spoken English Filter Filter is a leading UK-based WordPress agency specialising in creating personalised, scalable digital platforms engineered for growth. We deliver strategy, design, development, performance, and support services to organisations seeking robust, customisable solutions that evolve with their needs. Comprehensive WooCommerce Solutions WooCommerce Memberships & Subscriptions Develop recurring revenue streams and strengthen customer relationships through tailored membership and subscription platforms. ",https://woocommerce.com/development-services/filter/232658260/,https://www.linkedin.com/company/filter-agency-london/?,Oliver Morrison,https://www.linkedin.com/in/olivercamorrison,X,https://www.linkedin.com/in/paulhalfpenny,hello@filteragency.com
Progressus.io,Republic of Ireland,Pro Partner,https://progressus.io/,"Legal & Professional Services, Fashion & Beauty, E-commerce & Retail","Site Maintenance & Plugin Management, Site Migration and Platform Integration, Website or Online Store Development, eCommerce Consulting, Conversion Rate & Checkout Optimization","WooCommerce, Pressable, Jetpack","English, Spanish, Arabic",$10000,Worldwide,"Accepting new clients Pro Partner Progressus.io Republic of Ireland Contact on partner website Industries Legal & Professional Services Fashion & Beauty E-commerce & Retail Services Site Maintenance & Plugin Management Site Migration and Platform Integration Website or Online Store Development eCommerce Consulting Conversion Rate & Checkout Optimization Products WooCommerce Pressable Jetpack Accepts projects starting from $10000 Locations served Worldwide Languages spoken English Spanish Arabic Progressus.io Progressus.io partners with industry titans like Automattic and PostNL to architect complex integrations and scalable eCommerce solutions that fuel measurable growth. As certified WooCommerce.com Partners and Codeable experts, we have established our reputation as THE WooCommerce Integration Experts through consistent, high-impact execution. With 10+ years of enterprise eCommerce experience, our WooExperts don’t just build stores, we engineer high-performing WooCommerce ecosystems ",https://woocommerce.com/development-services/progressus-io/233165548/,X,Shadi Manna,X,X,X,X
Weblogic Agency,Republic of Ireland,Pro Partner,https://weblogic.ie,"Finance & Insurance, Education & E-Learning, Government & Public Services, Legal & Professional Services, Healthcare & Medical, Marketing & Advertising, Technology & IT Services","Website or Online Store Development, Content Strategy & Development, Email Marketing & Social Media, Headless WordPress & Woo, Site Maintenance & Plugin Management, Paid Advertising","Jetpack, Pressable, WooCommerce, WordPress.com",English,$5000,Worldwide,"Accepting new clients Pro Partner Weblogic Agency Republic of Ireland Contact on partner website Industries Finance & Insurance Education & E-Learning Government & Public Services Legal & Professional Services Healthcare & Medical Marketing & Advertising Technology & IT Services Services Website or Online Store Development Content Strategy & Development Email Marketing & Social Media Headless WordPress & Woo Site Maintenance & Plugin Management Paid Advertising Products Jetpack Pressable WooCommerce WordPress.com Accepts projects starting from $5000 Locations served Worldwide Languages spoken English Weblogic Agency Strategy-First Web Design, WordPress Development and Digital Growth We build websites that people trust and businesses grow from. A beautiful website is fine… A website that converts, ranks, loads fast and supports your entire business is better. That’s Weblogic. With over 200 completed projects across Europe and the US, we deliver digital experiences that clients trust and",https://woocommerce.com/development-services/weblogic-agency/239204080/,https://www.linkedin.com/company/weblogic-ie,X,X,X,X,"jack@weblogic.ie, info@weblogic.ieUnit"
ITQ Digital,United Kingdom,Pro Partner,https://www.itq.digital/woocommerce,"E-commerce & Retail, Technology & IT Services, Marketing & Advertising","Site Maintenance & Plugin Management, Site Migration and Platform Integration, Website Performance Optimization, Website or Online Store Development, eCommerce Consulting","WooCommerce, Pressable","English, Portuguese, Spanish",$5000,Worldwide,"Accepting new clients Pro Partner ITQ Digital United Kingdom Contact on partner website Industries E-commerce & Retail Technology & IT Services Marketing & Advertising Services Site Maintenance & Plugin Management Site Migration and Platform Integration Website Performance Optimization Website or Online Store Development eCommerce Consulting Products WooCommerce Pressable Accepts projects starting from $5000 Locations served Worldwide Languages spoken English Portuguese Spanish ITQ Digital ITQ Digital is a UK-based E-commerce agency with broad experience with integration and automation. We help independent companies and hidden champions to digitise their business, and level the playing field, empowering the challengers of the e-commerce market. We take the time to fully understand your business goals and help solve operational challenges to enable privately owned experts in their field to grow their online business uninhibited. Through our expert support, best practice advice and a com",https://woocommerce.com/development-services/itq-digital/234316331/,https://www.linkedin.com/company/itq-digital-limited,X,X,X,X,X
Thrive Digital,Australia,Pro Partner,https://thriveweb.com.au/quote-form/,"E-commerce & Retail, Legal & Professional Services, Energy & Utilities, Automotive & Transportation","Growth Consulting, Content Strategy & Development, eCommerce Consulting, Site Maintenance & Plugin Management, Search Engine Optimization (SEO), Website Performance Optimization",WooCommerce,English,$10000,Australia,"Accepting new clients Pro Partner Thrive Digital Australia Contact on partner website Industries E-commerce & Retail Legal & Professional Services Energy & Utilities Automotive & Transportation Services Growth Consulting Content Strategy & Development eCommerce Consulting Site Maintenance & Plugin Management Search Engine Optimization (SEO) Website Performance Optimization Products WooCommerce Accepts projects starting from $10000 Locations served Australia Languages spoken English Thrive Digital Thrive Digital Gold Coast, Australia https://thriveweb.com.au/what-we-do/woocommerce-web-design/ We’re Thrive Digital, a boutique web agency on the Gold Coast with over 15 years of experience in WordPress and WooCommerce 🛠️. We build clean, functional eCommerce websites tailored to each client’s business goals, with a strong focus on performance, SEO, and ongoing support 🚀. Our developers work closely with designers and marketers to ensure every WooCommerce store we build is easy to manage, fa",https://woocommerce.com/development-services/thrive-digital/233046505/,https://au.linkedin.com/company/thrive-web-design,X,X,X,X,contact@thriveweb.com
Never Settle | Creative Tech & Marketing Agency,United States,X,https://neversettle.it/?utm_source=referral&#038;utm_medium=woo_experts&#038;utm_campaign=directory_profile,"Agriculture & Farming, Fashion & Beauty, Legal & Professional Services, E-commerce & Retail, Energy & Utilities, Government & Public Services, Automotive & Transportation","eCommerce Consulting, Growth Consulting, Content Strategy & Development, Site Migration and Platform Integration, Site Maintenance & Plugin Management, Paid Advertising, Search Engine Optimization (SEO), Email Marketing & Social Media, Website or Online Store Development","WooCommerce, Pressable, WordPress VIP, WordPress.com, Jetpack","English, Russian, Ukrainian",$5000,Worldwide,"Accepting new clients Never Settle | Creative Tech & Marketing Agency United States Contact on partner website Industries Agriculture & Farming Fashion & Beauty Legal & Professional Services E-commerce & Retail Energy & Utilities Government & Public Services Automotive & Transportation Services eCommerce Consulting Growth Consulting Content Strategy & Development Site Migration and Platform Integration Site Maintenance & Plugin Management Paid Advertising Search Engine Optimization (SEO) Email Marketing & Social Media Website or Online Store Development Products WooCommerce Pressable WordPress VIP WordPress.com Jetpack Accepts projects starting from $5000 Locations served Worldwide Languages spoken English Russian Ukrainian Never Settle | Creative Tech & Marketing Agency 🏆 Award-winning full-stack digital marketing agency helping you build a bigger story through technology, marketing, design, development, & digital marketing! 🏆 About Us Never Settle has completed over 1,500 web project",https://woocommerce.com/development-services/never-settle-creative-tech-marketing-agency/233676414/,https://www.linkedin.com/company/never-settle,Lisa Slayton,X,X,X,X
Pixable,United Kingdom,Partner,https://pixable.co,"Legal & Professional Services, Fashion & Beauty, E-commerce & Retail, Energy & Utilities, Automotive & Transportation, Real Estate & Property, Travel & Hospitality, Construction & Engineering, Education & E-Learning, Entertainment & Media, Arts & Culture, Environmental & Sustainability, Finance & Insurance, Events & Conferences, Government & Public Services, Healthcare & Medical, Food & Beverage, Manufacturing & Industry, Marketing & Advertising, Logistics & Supply Chain, Sports & Recreation, Nonprofits & NGOs, Agriculture & Farming, Technology & IT Services","eCommerce Consulting, Site Migration and Platform Integration, Website or Online Store Development, Site Maintenance & Plugin Management, Search Engine Optimization (SEO), Website Performance Optimization","WooCommerce, Pressable, Jetpack",English,$500,United Kingdom,Accepting new clients Partner Pixable United Kingdom Contact on partner website Industries Legal & Professional Services Fashion & Beauty E-commerce & Retail Energy & Utilities Automotive & Transportation Real Estate & Property Travel & Hospitality Construction & Engineering Education & E-Learning Entertainment & Media Arts & Culture Environmental & Sustainability Finance & Insurance Events & Conferences Government & Public Services Healthcare & Medical Food & Beverage Manufacturing & Industry Marketing & Advertising Logistics & Supply Chain Sports & Recreation Nonprofits & NGOs Agriculture & Farming Technology & IT Services Services eCommerce Consulting Site Migration and Platform Integration Website or Online Store Development Site Maintenance & Plugin Management Search Engine Optimization (SEO) Website Performance Optimization Products WooCommerce Pressable Jetpack Accepts projects starting from $500 Locations served United Kingdom Languages spoken English Pixable # Strategic Growth,https://woocommerce.com/development-services/pixable/232620502/,https://www.linkedin.com/company/pixable-ai,X,X,X,X,X
Atomic Smash,United Kingdom,Pro Partner,https://www.atomicsmash.co.uk/woocommerce-agency-bristol/,"Legal & Professional Services, E-commerce & Retail, Fashion & Beauty, Automotive & Transportation, Energy & Utilities, Agriculture & Farming, Government & Public Services","Conversion Rate & Checkout Optimization, Growth Consulting, Site Maintenance & Plugin Management, Website or Online Store Development, eCommerce Consulting","Jetpack, Pressable, WooCommerce, WordPress VIP","English, British English",$500,Worldwide,"Accepting new clients Pro Partner Atomic Smash United Kingdom Contact on partner website Industries Legal & Professional Services E-commerce & Retail Fashion & Beauty Automotive & Transportation Energy & Utilities Agriculture & Farming Government & Public Services Services Conversion Rate & Checkout Optimization Growth Consulting Site Maintenance & Plugin Management Website or Online Store Development eCommerce Consulting Products Jetpack Pressable WooCommerce WordPress VIP Accepts projects starting from $500 Locations served Worldwide Languages spoken English British English Atomic Smash We’re a multi-award winning website agency and our mission is to help you squeeze every last drop of value from your existing WooCommerce store. We specialize in making your existing Woo stores exceptional. We’re experts at taking on websites that were originally built by other agencies, then improving and optimizing these websites over time to reach their full potential. Work with us and you’ll never",https://woocommerce.com/development-services/atomic-smash/233421780/,https://www.linkedin.com/in/mattstoneuk,X,https://www.linkedin.com/in/mattstoneuk,X,X,mail@atomicsmash.co
rtCamp,United States,Premier Partner,https://rtcamp.com/,"Automotive & Transportation, Travel & Hospitality, Nonprofits & NGOs, Agriculture & Farming, Arts & Culture, Construction & Engineering, E-commerce & Retail, Education & E-Learning, Energy & Utilities, Entertainment & Media, Environmental & Sustainability, Events & Conferences, Fashion & Beauty, Finance & Insurance, Food & Beverage, Government & Public Services, Healthcare & Medical, Logistics & Supply Chain, Legal & Professional Services, Manufacturing & Industry, Real Estate & Property, Marketing & Advertising, Sports & Recreation, Technology & IT Services","International and Multilingual Consulting, Headless WordPress & Woo, Website or Online Store Development, Website Performance Optimization, Site Migration and Platform Integration","Jetpack, Pressable, WooCommerce, WordPress VIP, WordPress.com","English, British English",$10000,Worldwide,Accepting new clients Premier Partner rtCamp United States Contact on partner website Industries Automotive & Transportation Travel & Hospitality Nonprofits & NGOs Agriculture & Farming Arts & Culture Construction & Engineering E-commerce & Retail Education & E-Learning Energy & Utilities Entertainment & Media Environmental & Sustainability Events & Conferences Fashion & Beauty Finance & Insurance Food & Beverage Government & Public Services Healthcare & Medical Logistics & Supply Chain Legal & Professional Services Manufacturing & Industry Real Estate & Property Marketing & Advertising Sports & Recreation Technology & IT Services Services International and Multilingual Consulting Headless WordPress & Woo Website or Online Store Development Website Performance Optimization Site Migration and Platform Integration Products Jetpack Pressable WooCommerce WordPress VIP WordPress.com Accepts projects starting from $10000 Locations served Worldwide Languages spoken English British English rtC,https://woocommerce.com/development-services/rtcamp/236663137/,https://www.linkedin.com/company/rtcamp,Mikey Bautista,X,X,X,"consult@rtcamp.com, hiring@rtcamp.com"
OnePix,Georgia,X,https://onepix.net/services/woocommerce-development-services,"Legal & Professional Services, E-commerce & Retail, Energy & Utilities, Automotive & Transportation, Fashion & Beauty, Agriculture & Farming","Website or Online Store Development, Site Maintenance & Plugin Management, Site Migration and Platform Integration, Website Performance Optimization, eCommerce Consulting","WooCommerce, WordPress.com","English, Russian",$5000,Worldwide,Accepting new clients OnePix Georgia Contact on partner website Industries Legal & Professional Services E-commerce & Retail Energy & Utilities Automotive & Transportation Fashion & Beauty Agriculture & Farming Services Website or Online Store Development Site Maintenance & Plugin Management Site Migration and Platform Integration Website Performance Optimization eCommerce Consulting Products WooCommerce WordPress.com Accepts projects starting from $5000 Locations served Worldwide Languages spoken English Russian OnePix ⬛️ OnePix – a reliable WordPress and WooCommerce developers team to solve business problems ⬛️ We provide comprehensive and customized approach to meet your eCommerce needs — from setup to full-scale online store technical support. 💎 Our numbers: — 12 years of experience in WordPress and WooCommerce; — 60+ developers work from 30+ cities around the world; — 15+ industries in portfolio; — 300+ turnkey projects implemented; — clients from 20+ countries worldwide. WooComme,https://woocommerce.com/development-services/onepix/232767196/,X,X,X,X,X,X
Angry Creative,United Kingdom,Pro Partner,https://angrycreative.com/services/,"Fashion & Beauty, E-commerce & Retail, Legal & Professional Services, Government & Public Services, Automotive & Transportation, Agriculture & Farming, Energy & Utilities","Site Migration and Platform Integration, Website or Online Store Development, eCommerce Consulting, Site Maintenance & Plugin Management, Website Performance Optimization","WooCommerce, WordPress VIP, WordPress.com","English, Swedish, German",$20000,Worldwide,"Accepting new clients Pro Partner Angry Creative United Kingdom Contact on partner website Industries Fashion & Beauty E-commerce & Retail Legal & Professional Services Government & Public Services Automotive & Transportation Agriculture & Farming Energy & Utilities Services Site Migration and Platform Integration Website or Online Store Development eCommerce Consulting Site Maintenance & Plugin Management Website Performance Optimization Products WooCommerce WordPress VIP WordPress.com Accepts projects starting from $20000 Locations served Worldwide Languages spoken English Swedish German Angry Creative We’re a global agency specialised on WordPress and WooCommerce. We help B2B and B2C businesses build long-term digital solutions, scale e-commerce and deliver trustworthy maintenance.",https://woocommerce.com/development-services/angry-creative/232757333/,https://linkedin.com/company/angrycreative-uk,X,X,X,X,sales@angrycreative.uk
Happy Prime,United States,Pro Partner,https://happyprime.co,"Nonprofits & NGOs, Arts & Culture, Events & Conferences, E-commerce & Retail, Environmental & Sustainability, Government & Public Services, Legal & Professional Services, Marketing & Advertising, Technology & IT Services, Sports & Recreation, Healthcare & Medical, Agriculture & Farming, Automotive & Transportation, Construction & Engineering, Energy & Utilities, Education & E-Learning, Entertainment & Media, Finance & Insurance, Fashion & Beauty, Food & Beverage, Manufacturing & Industry, Logistics & Supply Chain, Real Estate & Property, Travel & Hospitality","Content Strategy & Development, Site Maintenance & Plugin Management, Website or Online Store Development, Website Performance Optimization, Site Migration and Platform Integration","Jetpack, Pressable, WooCommerce, WordPress.com",English,$5000,Worldwide,Accepting new clients Pro Partner Happy Prime United States Contact on partner website Industries Nonprofits & NGOs Arts & Culture Events & Conferences E-commerce & Retail Environmental & Sustainability Government & Public Services Legal & Professional Services Marketing & Advertising Technology & IT Services Sports & Recreation Healthcare & Medical Agriculture & Farming Automotive & Transportation Construction & Engineering Energy & Utilities Education & E-Learning Entertainment & Media Finance & Insurance Fashion & Beauty Food & Beverage Manufacturing & Industry Logistics & Supply Chain Real Estate & Property Travel & Hospitality Services Content Strategy & Development Site Maintenance & Plugin Management Website or Online Store Development Website Performance Optimization Site Migration and Platform Integration Products Jetpack Pressable WooCommerce WordPress.com Accepts projects starting from $5000 Locations served Worldwide Languages spoken English Happy Prime We solve complex Wor,https://woocommerce.com/development-services/happy-prime/234974739/,X,X,X,X,X,X
Jigowatt Ltd,United Kingdom,Pro Partner,http://jigowatt.co.uk,"Arts & Culture, Automotive & Transportation, E-commerce & Retail, Construction & Engineering, Entertainment & Media, Events & Conferences, Food & Beverage, Marketing & Advertising, Nonprofits & NGOs, Technology & IT Services, Government & Public Services","Website Performance Optimization, Search Engine Optimization (SEO), Site Maintenance & Plugin Management, Website or Online Store Development, eCommerce Consulting","WooCommerce, Pressable, Jetpack",English,$5000,Worldwide,"Accepting new clients Pro Partner Jigowatt Ltd United Kingdom Contact on partner website Industries Arts & Culture Automotive & Transportation E-commerce & Retail Construction & Engineering Entertainment & Media Events & Conferences Food & Beverage Marketing & Advertising Nonprofits & NGOs Technology & IT Services Government & Public Services Services Website Performance Optimization Search Engine Optimization (SEO) Site Maintenance & Plugin Management Website or Online Store Development eCommerce Consulting Products WooCommerce Pressable Jetpack Accepts projects starting from $5000 Locations served Worldwide Languages spoken English Jigowatt Ltd We’re Jigowatt – a specialist web design team with a passion for building high-performing WooCommerce websites. Since 2008, we’ve built a reputation for crafting beautiful, functional websites and forming long-standing partnerships with our clients. Our team is a mix of fresh creative talent and seasoned media professionals that together deliv",https://woocommerce.com/development-services/jigowatt-ltd/243153192/,X,X,X,X,X,X
Built Mighty,United States,Pro Partner,https://builtmighty.com/woocommerce/,"E-commerce & Retail, Technology & IT Services","Site Migration and Platform Integration, Website Performance Optimization, Website or Online Store Development, Search Engine Optimization (SEO), eCommerce Consulting, Site Maintenance & Plugin Management",WooCommerce,English,$5000,United States,"Accepting new clients Pro Partner Built Mighty United States Contact on partner website Industries E-commerce & Retail Technology & IT Services Services Site Migration and Platform Integration Website Performance Optimization Website or Online Store Development Search Engine Optimization (SEO) eCommerce Consulting Site Maintenance & Plugin Management Products WooCommerce Accepts projects starting from $5000 Locations served United States Languages spoken English Built Mighty We do things differently. What got you this far may not get you to where you want to go. Most of our customers come to us because they have outgrown their current provider. As your business grows so does your need for great technical support and leadership. Whether you’re just looking for some guidance or have been burned before, our team wants to help make sure that your decision is worth it and we’ll work hard on getting results! Who Are We? Built Mighty is a full-service eCommerce agency, founded in 2009 and hea",https://woocommerce.com/development-services/built-mighty/232642471/,https://www.linkedin.com/company/built-mighty,X,X,X,X,info@builtmighty.com
DCS Digital,United Kingdom,X,https://www.dcsdigital.co.uk,"Fashion & Beauty, Legal & Professional Services, E-commerce & Retail, Energy & Utilities, Automotive & Transportation","Conversion Rate & Checkout Optimization, eCommerce Consulting, Site Maintenance & Plugin Management, Website or Online Store Development, Site Migration and Platform Integration",WooCommerce,English,$500,Worldwide,Accepting new clients DCS Digital United Kingdom Contact on partner website Industries Fashion & Beauty Legal & Professional Services E-commerce & Retail Energy & Utilities Automotive & Transportation Services Conversion Rate & Checkout Optimization eCommerce Consulting Site Maintenance & Plugin Management Website or Online Store Development Site Migration and Platform Integration Products WooCommerce Accepts projects starting from $500 Locations served Worldwide Languages spoken English DCS Digital DCS Digital is a UK-based WooCommerce agency that specialises in helping retailers grow their online sales and profitability through the use of AI and automation.,https://woocommerce.com/development-services/dcs-digital/232621379/,X,X,X,X,X,hello@dcsdigital.co
AJepCom,Italy,Partner,https://www.ajepcom.it,"Agriculture & Farming, Food & Beverage, E-commerce & Retail, Technology & IT Services, Events & Conferences, Entertainment & Media, Marketing & Advertising, Education & E-Learning, Government & Public Services, Fashion & Beauty, Environmental & Sustainability, Arts & Culture, Construction & Engineering, Energy & Utilities, Nonprofits & NGOs, Manufacturing & Industry, Logistics & Supply Chain, Healthcare & Medical, Legal & Professional Services, Sports & Recreation, Travel & Hospitality, Real Estate & Property, Automotive & Transportation, Finance & Insurance","AI-powered Web Applications, Site Maintenance & Plugin Management, Search Engine Optimization (SEO), Website or Online Store Development, Paid Advertising","WooCommerce, WordPress.com, Jetpack, Pressable, WordPress VIP","Italian, English, British English",$0,Worldwide,Accepting new clients Partner AJepCom Italy Contact on partner website Industries Agriculture & Farming Food & Beverage E-commerce & Retail Technology & IT Services Events & Conferences Entertainment & Media Marketing & Advertising Education & E-Learning Government & Public Services Fashion & Beauty Environmental & Sustainability Arts & Culture Construction & Engineering Energy & Utilities Nonprofits & NGOs Manufacturing & Industry Logistics & Supply Chain Healthcare & Medical Legal & Professional Services Sports & Recreation Travel & Hospitality Real Estate & Property Automotive & Transportation Finance & Insurance Services AI-powered Web Applications Site Maintenance & Plugin Management Search Engine Optimization (SEO) Website or Online Store Development Paid Advertising Products WooCommerce WordPress.com Jetpack Pressable WordPress VIP Accepts projects starting from $0 Locations served Worldwide Languages spoken Italian English British English AJepCom AJepCom is a web agency special,https://woocommerce.com/development-services/ajepcom/242864782/,https://www.linkedin.com/company/ajepcom,"Fullstack Developer
Giuseppe",https://www.linkedin.com/in/davidegalimi,X,http://www.linkedin.com/in/hegelminniti,X
WPRobo,United Kingdom,Pro Partner,https://wprobo.com,"Real Estate & Property, Construction & Engineering, E-commerce & Retail, Food & Beverage, Healthcare & Medical, Nonprofits & NGOs, Legal & Professional Services, Travel & Hospitality, Sports & Recreation, Events & Conferences, Entertainment & Media, Energy & Utilities, Fashion & Beauty, Education & E-Learning, Agriculture & Farming, Arts & Culture, Finance & Insurance, Logistics & Supply Chain, Manufacturing & Industry, Marketing & Advertising, Automotive & Transportation, Government & Public Services, Environmental & Sustainability, Technology & IT Services","Site Maintenance & Plugin Management, Website or Online Store Development, Security Consulting, AI-powered Web Applications, Search Engine Optimization (SEO)","WordPress.com, WooCommerce, Jetpack, Pressable",English,$5000,Worldwide,Accepting new clients Pro Partner WPRobo United Kingdom Contact on partner website Industries Real Estate & Property Construction & Engineering E-commerce & Retail Food & Beverage Healthcare & Medical Nonprofits & NGOs Legal & Professional Services Travel & Hospitality Sports & Recreation Events & Conferences Entertainment & Media Energy & Utilities Fashion & Beauty Education & E-Learning Agriculture & Farming Arts & Culture Finance & Insurance Logistics & Supply Chain Manufacturing & Industry Marketing & Advertising Automotive & Transportation Government & Public Services Environmental & Sustainability Technology & IT Services Services Site Maintenance & Plugin Management Website or Online Store Development Security Consulting AI-powered Web Applications Search Engine Optimization (SEO) Products WordPress.com WooCommerce Jetpack Pressable Accepts projects starting from $5000 Locations served Worldwide Languages spoken English WPRobo WPRobo: Your Expert WordPress & WooCommerce Developm,https://woocommerce.com/development-services/wprobo/233555912/,https://www.linkedin.com/company/wprobo-uk,X,X,X,X,info@wprobo.com
KB Creative Web & Marketing,United States,Partner,https://kb-creative.com/contact/,"Fashion & Beauty, E-commerce & Retail, Legal & Professional Services","Conversion Rate & Checkout Optimization, eCommerce Consulting, Site Maintenance & Plugin Management, Website or Online Store Development, Site Migration and Platform Integration, Paid Advertising, Search Engine Optimization (SEO), Content Strategy & Development","WooCommerce, Pressable",English,$0,United States,"Accepting new clients Partner KB Creative Web & Marketing United States Contact on partner website Industries Fashion & Beauty E-commerce & Retail Legal & Professional Services Services Conversion Rate & Checkout Optimization eCommerce Consulting Site Maintenance & Plugin Management Website or Online Store Development Site Migration and Platform Integration Paid Advertising Search Engine Optimization (SEO) Content Strategy & Development Products WooCommerce Pressable Accepts projects starting from $0 Locations served United States Languages spoken English KB Creative Web & Marketing Reach your revenue goals with a web design and marketing partner that understands e-commerce at every level.  We’re your dedicated growth partner in achieving your online business goals. Based in Charlotte, North Carolina, we’ve spent the past 10 years driving measurable results for e-commerce brands across the nation. Specializing in WooCommerce, we craft results driven holistic strategies that fuel growth",https://woocommerce.com/development-services/kb-creative-web-marketing/233364131/,https://www.linkedin.com/in/philipbowles,X,https://www.linkedin.com/in/philipbowles,X,X,X
Zen Agency™ – A WooCommerce Development Agency,United States,Partner,https://zen.agency/woocommerce-development-agency-verified-woocommerce-experts/?utm_source=woo,"Agriculture & Farming, Legal & Professional Services, Fashion & Beauty, Government & Public Services, E-commerce & Retail, Automotive & Transportation, Energy & Utilities","Website or Online Store Development, Website Performance Optimization, Site Maintenance & Plugin Management, Site Migration and Platform Integration, Conversion Rate & Checkout Optimization","Jetpack, Pressable, WooCommerce, WordPress.com","English, British English",$5000,Worldwide,"Accepting new clients Partner Zen Agency™ – A WooCommerce Development Agency United States Contact on partner website Industries Agriculture & Farming Legal & Professional Services Fashion & Beauty Government & Public Services E-commerce & Retail Automotive & Transportation Energy & Utilities Services Website or Online Store Development Website Performance Optimization Site Maintenance & Plugin Management Site Migration and Platform Integration Conversion Rate & Checkout Optimization Products Jetpack Pressable WooCommerce WordPress.com Accepts projects starting from $5000 Locations served Worldwide Languages spoken English British English Zen Agency™ – A WooCommerce Development Agency WooCommerce Development Agency Unique. Professional. Focused on Results. Getting started with WooCommerce is simple, which is why this easy-to-install shopping platform is one of the world’s most widely used e-commerce solutions. But you don’t just need a fast solution; you need a website made to fit your",https://woocommerce.com/development-services/zen-agency-a-woocommerce-development-agency/235867057/,https://www.linkedin.com/company/zen-agency-online,Samantha Tassey,https://www.linkedin.com/in/zendesignfirm,X,X,wooexpert@zen.agency
"Skye ODell / SO Services, LLC (Web & Graphic Design)",United States,Pro Partner,https://skyeodell.com,"Technology & IT Services, E-commerce & Retail, Agriculture & Farming, Arts & Culture, Automotive & Transportation, Construction & Engineering, Education & E-Learning, Energy & Utilities, Entertainment & Media, Environmental & Sustainability, Events & Conferences, Fashion & Beauty, Finance & Insurance, Food & Beverage, Government & Public Services, Healthcare & Medical, Legal & Professional Services, Logistics & Supply Chain, Manufacturing & Industry, Marketing & Advertising, Nonprofits & NGOs, Real Estate & Property, Sports & Recreation, Travel & Hospitality","Accessibility Consulting, Search Engine Optimization (SEO), Email Marketing & Social Media, Site Maintenance & Plugin Management, Website or Online Store Development","Pressable, WooCommerce, Jetpack",English,$500,Worldwide,"Accepting new clients Pro Partner Skye ODell / SO Services, LLC (Web & Graphic Design) United States Contact on partner website Industries Technology & IT Services E-commerce & Retail Agriculture & Farming Arts & Culture Automotive & Transportation Construction & Engineering Education & E-Learning Energy & Utilities Entertainment & Media Environmental & Sustainability Events & Conferences Fashion & Beauty Finance & Insurance Food & Beverage Government & Public Services Healthcare & Medical Legal & Professional Services Logistics & Supply Chain Manufacturing & Industry Marketing & Advertising Nonprofits & NGOs Real Estate & Property Sports & Recreation Travel & Hospitality Services Accessibility Consulting Search Engine Optimization (SEO) Email Marketing & Social Media Site Maintenance & Plugin Management Website or Online Store Development Products Pressable WooCommerce Jetpack Accepts projects starting from $500 Locations served Worldwide Languages spoken English Skye ODell / SO Servi",https://woocommerce.com/development-services/skye-odell-so-services-llc-web-graphic-design/237056919/,https://www.linkedin.com/in/skyeodell,X,https://www.linkedin.com/in/skyeodell,About SO Services & Partners We offer a range of flexible services designed to meet your needs—whether handled in-house ,https://www.linkedin.com/in/skyeodell,X
HappyKite Ltd,United Kingdom,Partner,https://happykite.co.uk/,"Arts & Culture, Automotive & Transportation, Construction & Engineering, E-commerce & Retail, Environmental & Sustainability, Fashion & Beauty, Food & Beverage, Logistics & Supply Chain, Manufacturing & Industry, Real Estate & Property, Sports & Recreation, Travel & Hospitality, Nonprofits & NGOs","Website or Online Store Development, eCommerce Consulting, Conversion Rate & Checkout Optimization, Website Performance Optimization, Site Maintenance & Plugin Management","WooCommerce, Pressable, Jetpack","British English, English",$5000,Worldwide,"Accepting new clients Partner HappyKite Ltd United Kingdom Contact on partner website Industries Arts & Culture Automotive & Transportation Construction & Engineering E-commerce & Retail Environmental & Sustainability Fashion & Beauty Food & Beverage Logistics & Supply Chain Manufacturing & Industry Real Estate & Property Sports & Recreation Travel & Hospitality Nonprofits & NGOs Services Website or Online Store Development eCommerce Consulting Conversion Rate & Checkout Optimization Website Performance Optimization Site Maintenance & Plugin Management Products WooCommerce Pressable Jetpack Accepts projects starting from $5000 Locations served Worldwide Languages spoken British English English HappyKite Ltd Sell Better With WooCommerce HappyKite is a dedicated WooCommerce agency helping you to create, support and grow your eCommerce business. Beautiful eCommerce with WordPress As end-to-end eCommerce partners, we’ll take you from initial brief and discovery all the way through to a pol",https://woocommerce.com/development-services/happykite-ltd/237816224/,https://www.linkedin.com/company/happykite-media-ltd/about,"Orin Bailey
Front",X,X,X,X
StuntCoders,United States,Pro Partner,https://stuntcoders.com/services/ecommerce-development/,"Fashion & Beauty, E-commerce & Retail, Legal & Professional Services, Education & E-Learning, Healthcare & Medical","Site Migration and Platform Integration, Website or Online Store Development, eCommerce Consulting, Site Maintenance & Plugin Management, Website Performance Optimization",WooCommerce,English,$0,Worldwide,"Accepting new clients Pro Partner StuntCoders United States Contact on partner website Industries Fashion & Beauty E-commerce & Retail Legal & Professional Services Education & E-Learning Healthcare & Medical Services Site Migration and Platform Integration Website or Online Store Development eCommerce Consulting Site Maintenance & Plugin Management Website Performance Optimization Products WooCommerce Accepts projects starting from $0 Locations served Worldwide Languages spoken English StuntCoders A customer-centric team dedicated to becoming a long-term business partner to you, looking beyond development when providing support. At StuntCoders we go the extra mile to develop a quality solution focusing on customer experience. We believe in building eCommerce sites that can convert visitors into buyers while setting up a solid brand for your online business. The team has extensive experience working with WooCommerce clients, and we’re dedicated to helping you achieve your business goal",https://woocommerce.com/development-services/stuntcoders/232662314/,X,X,X,X,X,X
Grupo Vansur,Argentina,Partner,https://grupovansur.com/agencia-wordpress/,"Agriculture & Farming, Food & Beverage, Arts & Culture, Automotive & Transportation, E-commerce & Retail, Construction & Engineering, Sports & Recreation, Education & E-Learning, Energy & Utilities, Entertainment & Media, Events & Conferences, Manufacturing & Industry, Finance & Insurance, Real Estate & Property, Logistics & Supply Chain, Marketing & Advertising, Environmental & Sustainability, Healthcare & Medical, Nonprofits & NGOs, Fashion & Beauty, Government & Public Services, Legal & Professional Services, Travel & Hospitality, Technology & IT Services","AI-powered Web Applications, Website or Online Store Development, Search Engine Optimization (SEO), Site Maintenance & Plugin Management, Security Consulting","Pressable, WooCommerce, WordPress VIP, Jetpack","Spanish, English",$5000,Worldwide,Accepting new clients Partner Grupo Vansur Argentina Contact on partner website Industries Agriculture & Farming Food & Beverage Arts & Culture Automotive & Transportation E-commerce & Retail Construction & Engineering Sports & Recreation Education & E-Learning Energy & Utilities Entertainment & Media Events & Conferences Manufacturing & Industry Finance & Insurance Real Estate & Property Logistics & Supply Chain Marketing & Advertising Environmental & Sustainability Healthcare & Medical Nonprofits & NGOs Fashion & Beauty Government & Public Services Legal & Professional Services Travel & Hospitality Technology & IT Services Services AI-powered Web Applications Website or Online Store Development Search Engine Optimization (SEO) Site Maintenance & Plugin Management Security Consulting Products Pressable WooCommerce WordPress VIP Jetpack Accepts projects starting from $5000 Locations served Worldwide Languages spoken Spanish English Grupo Vansur Expertos en Soluciones WordPress & Estrat,https://woocommerce.com/development-services/grupo-vansur/235150407/,https://www.linkedin.com/company/grupo-vansur,X,X,X,X,"7296info@grupovansur.com, 4725info@grupovansur.com"
brandiD,United States,Pro Partner,https://thebrandid.com/,"Arts & Culture, Construction & Engineering, E-commerce & Retail, Education & E-Learning, Entertainment & Media, Environmental & Sustainability, Energy & Utilities, Events & Conferences, Fashion & Beauty, Finance & Insurance, Food & Beverage, Government & Public Services, Healthcare & Medical, Legal & Professional Services, Logistics & Supply Chain, Agriculture & Farming, Automotive & Transportation, Manufacturing & Industry, Marketing & Advertising, Nonprofits & NGOs, Real Estate & Property, Sports & Recreation, Technology & IT Services, Travel & Hospitality","eCommerce Consulting, Content Strategy & Development, Email Marketing & Social Media, Website or Online Store Development, Growth Consulting","Pressable, WooCommerce, Jetpack, WordPress.com",English,$5000,Worldwide,Accepting new clients Pro Partner brandiD United States Contact on partner website Industries Arts & Culture Construction & Engineering E-commerce & Retail Education & E-Learning Entertainment & Media Environmental & Sustainability Energy & Utilities Events & Conferences Fashion & Beauty Finance & Insurance Food & Beverage Government & Public Services Healthcare & Medical Legal & Professional Services Logistics & Supply Chain Agriculture & Farming Automotive & Transportation Manufacturing & Industry Marketing & Advertising Nonprofits & NGOs Real Estate & Property Sports & Recreation Technology & IT Services Travel & Hospitality Services eCommerce Consulting Content Strategy & Development Email Marketing & Social Media Website or Online Store Development Growth Consulting Products Pressable WooCommerce Jetpack WordPress.com Accepts projects starting from $5000 Locations served Worldwide Languages spoken English brandiD Empowering Businesses and their Leaders with Strategic Brand and Web,https://woocommerce.com/development-services/brandid/238052414/,https://www.linkedin.com/company/brandid-building-brands-businesses-and-websites,Rachel Gogos,X,X,X,info@thebrandiD.com
WisdmLabs,United Arab Emirates,X,https://wisdmlabs.com/woocommerce-development/,"Legal & Professional Services, Agriculture & Farming, Fashion & Beauty, E-commerce & Retail, Energy & Utilities, Government & Public Services, Automotive & Transportation","Website or Online Store Development, Site Maintenance & Plugin Management, Site Migration and Platform Integration, Website Performance Optimization",WooCommerce,"English, Hindi",$500,Worldwide,"Accepting new clients WisdmLabs United Arab Emirates Contact on partner website Industries Legal & Professional Services Agriculture & Farming Fashion & Beauty E-commerce & Retail Energy & Utilities Government & Public Services Automotive & Transportation Services Website or Online Store Development Site Maintenance & Plugin Management Site Migration and Platform Integration Website Performance Optimization Products WooCommerce Accepts projects starting from $500 Locations served Worldwide Languages spoken English Hindi WisdmLabs Your Global Partner for Complex WooCommerce Solutions Looking for a WooCommerce partner who understands both the technical and business sides of your e-commerce or e-learning venture? At WisdmLabs, we transform your e-commerce and eLearning visions into reality through expert WooCommerce development. We’re officially endorsed, Platinum-certified WooExperts! With over a decade of experience spanning 27 countries and 34 languages , we understand the unique chall",https://woocommerce.com/development-services/wisdmlabs/232835371/,https://www.linkedin.com/company/wisdmlabs,Rohan Thakare,https://www.linkedin.com/in/rohanthakare,X,https://www.linkedin.com/in/aruneshparab,X
IntellRocket – A WooCommerce Development Agency,United States,Pro Partner,https://intellrocket.com/woocommerce-development-agency/,"E-commerce & Retail, Legal & Professional Services, Marketing & Advertising, Food & Beverage, Real Estate & Property, Manufacturing & Industry, Technology & IT Services","Website Performance Optimization, eCommerce Consulting, Site Migration and Platform Integration, Search Engine Optimization (SEO), Headless WordPress & Woo","WooCommerce, WordPress.com, Pressable, Jetpack",English,$0,Worldwide,"Accepting new clients Pro Partner IntellRocket – A WooCommerce Development Agency United States Contact on partner website Industries E-commerce & Retail Legal & Professional Services Marketing & Advertising Food & Beverage Real Estate & Property Manufacturing & Industry Technology & IT Services Services Website Performance Optimization eCommerce Consulting Site Migration and Platform Integration Search Engine Optimization (SEO) Headless WordPress & Woo Products WooCommerce WordPress.com Pressable Jetpack Accepts projects starting from $0 Locations served Worldwide Languages spoken English IntellRocket – A WooCommerce Development Agency Headless WordPress & WooCommerce Development Agency Using cutting-edge technology, we build fast, scalable, and easy-to-manage WordPress and WooCommerce websites. Our goal is to help your business succeed online with websites that load quickly, rank high on search engines, and are simple to manage. Whether you need to boost site speed, improve flexibili",https://woocommerce.com/development-services/intellrocket-a-woocommerce-development-agency/232626364/,https://www.linkedin.com/company/intellrocket,Jason Schwartz,X,X,X,358-0540hello@intellrocket.comCompany
Newbird LLC,United States,Partner,http://newbird.com,"E-commerce & Retail, Construction & Engineering, Fashion & Beauty, Entertainment & Media, Food & Beverage, Healthcare & Medical, Legal & Professional Services, Marketing & Advertising","Website or Online Store Development, Search Engine Optimization (SEO), Paid Advertising, Content Strategy & Development, Email Marketing & Social Media",WooCommerce,English,$0,Worldwide,"Accepting new clients Partner Newbird LLC United States Contact on partner website Industries E-commerce & Retail Construction & Engineering Fashion & Beauty Entertainment & Media Food & Beverage Healthcare & Medical Legal & Professional Services Marketing & Advertising Services Website or Online Store Development Search Engine Optimization (SEO) Paid Advertising Content Strategy & Development Email Marketing & Social Media Products WooCommerce Accepts projects starting from $0 Locations served Worldwide Languages spoken English Newbird LLC Newbird is full-service digital agency driving growth with innovative design, development and data-driven digital marketing. We work with both B2B and DTC clients globally. We specialize in brand strategy and design, website design and development, digital marketing, app development, and more.",https://woocommerce.com/development-services/newbird-llc/239162836/,X,X,X,X,X,X
Inspry,United States,Pro Partner,https://www.inspry.com,"Legal & Professional Services, Fashion & Beauty, E-commerce & Retail, Government & Public Services, Agriculture & Farming, Automotive & Transportation, Energy & Utilities","Site Migration and Platform Integration, Website or Online Store Development, eCommerce Consulting, Site Maintenance & Plugin Management, Website Performance Optimization","WooCommerce, Pressable, Jetpack, WordPress VIP, WordPress.com",English,$5000,United States,"Accepting new clients Pro Partner Inspry United States Contact on partner website Industries Legal & Professional Services Fashion & Beauty E-commerce & Retail Government & Public Services Agriculture & Farming Automotive & Transportation Energy & Utilities Services Site Migration and Platform Integration Website or Online Store Development eCommerce Consulting Site Maintenance & Plugin Management Website Performance Optimization Products WooCommerce Pressable Jetpack WordPress VIP WordPress.com Accepts projects starting from $5000 Locations served United States Languages spoken English Inspry The WordPress & Woo Development Agency You Can Count On** Since 2011, Inspry has provided tailor-made WooCommerce and WordPress design, development, and maintenance. Based in Atlanta, our team of web specialists focuses exclusively on WordPress and WooCommerce to deliver high-quality, reliable solutions. We’ve launched hundreds of custom WordPress applications, helping businesses navigate the com",https://woocommerce.com/development-services/inspry/232620939/,X,X,X,X,X,X
LightSpeed Agency,South Africa,Partner,https://lightspeedwp.agency/solutions/woocommerce/,"Legal & Professional Services, Fashion & Beauty, E-commerce & Retail","eCommerce Consulting, Growth Consulting, Content Strategy & Development, Site Migration and Platform Integration, Email Marketing & Social Media, Site Maintenance & Plugin Management, Website or Online Store Development, Website Performance Optimization","WooCommerce, Jetpack","English, Afrikaans",$500,Worldwide,"Accepting new clients Partner LightSpeed Agency South Africa Contact on partner website Industries Legal & Professional Services Fashion & Beauty E-commerce & Retail Services eCommerce Consulting Growth Consulting Content Strategy & Development Site Migration and Platform Integration Email Marketing & Social Media Site Maintenance & Plugin Management Website or Online Store Development Website Performance Optimization Products WooCommerce Jetpack Accepts projects starting from $500 Locations served Worldwide Languages spoken English Afrikaans LightSpeed Agency LightSpeed transforms your vision into a high-performing WooCommerce store, tailored to your unique business needs. We are your dedicated partner for WooCommerce solutions, delivering tailored online experiences that drive your business growth. About Us Based in South Africa, LightSpeed has been a trusted name in WooCommerce development since 2014. With a deep-rooted connection to the WordPress community, our team of experts is e",https://woocommerce.com/development-services/lightspeed-agency/232695151/,X,X,X,X,X,X
SunAnt Interactive,United States,Pro Partner,https://www.sunant.com,"Agriculture & Farming, Arts & Culture, Automotive & Transportation, Construction & Engineering, E-commerce & Retail, Education & E-Learning, Fashion & Beauty, Events & Conferences, Finance & Insurance, Food & Beverage, Environmental & Sustainability, Healthcare & Medical, Legal & Professional Services, Logistics & Supply Chain, Manufacturing & Industry, Marketing & Advertising, Nonprofits & NGOs, Government & Public Services, Real Estate & Property, Technology & IT Services, Travel & Hospitality","Search Engine Optimization (SEO), Site Maintenance & Plugin Management, Website or Online Store Development, Website Performance Optimization, Site Migration and Platform Integration","WooCommerce, Pressable, Jetpack",English,$0,United States,Accepting new clients Pro Partner SunAnt Interactive United States Contact on partner website Industries Agriculture & Farming Arts & Culture Automotive & Transportation Construction & Engineering E-commerce & Retail Education & E-Learning Fashion & Beauty Events & Conferences Finance & Insurance Food & Beverage Environmental & Sustainability Healthcare & Medical Legal & Professional Services Logistics & Supply Chain Manufacturing & Industry Marketing & Advertising Nonprofits & NGOs Government & Public Services Real Estate & Property Technology & IT Services Travel & Hospitality Services Search Engine Optimization (SEO) Site Maintenance & Plugin Management Website or Online Store Development Website Performance Optimization Site Migration and Platform Integration Products WooCommerce Pressable Jetpack Accepts projects starting from $0 Locations served United States Languages spoken English SunAnt Interactive People hire experts because experts know better. But many experts forget that ,https://woocommerce.com/development-services/sunant-interactive/243613472/,X,X,X,X,X,info@sunant.com
Maksimer AS,Norway,Pro Partner,https://maksimer.com/woocommerce/,"Agriculture & Farming, Legal & Professional Services, Fashion & Beauty, Government & Public Services, E-commerce & Retail, Automotive & Transportation, Energy & Utilities","Website or Online Store Development, eCommerce Consulting, Conversion Rate & Checkout Optimization, Site Migration and Platform Integration, Site Maintenance & Plugin Management","WooCommerce, WordPress.com","English, Norwegian Bokmål, Swedish, Danish, Norwegian Nynorsk",$30000,Worldwide,"Accepting new clients Pro Partner Maksimer AS Norway Contact on partner website Industries Agriculture & Farming Legal & Professional Services Fashion & Beauty Government & Public Services E-commerce & Retail Automotive & Transportation Energy & Utilities Services Website or Online Store Development eCommerce Consulting Conversion Rate & Checkout Optimization Site Migration and Platform Integration Site Maintenance & Plugin Management Products WooCommerce WordPress.com Accepts projects starting from $30000 Locations served Worldwide Languages spoken English Norwegian Bokmål Swedish Danish Norwegian Nynorsk Maksimer AS 🏆 Agency of the Year 🏆 We’re proud to have won the first-ever WooSesh Seshies award for Agency of the Year in 2023 . As they put it: This award highlights our dedication to providing excellent digital experiences, with an emphasis on client satisfaction and innovation. 👋 Who We Are We are a team of 70+ European-based WooExperts dedicated to putting your sales growth at th",https://woocommerce.com/development-services/maksimer-as/232056020/,https://no.linkedin.com/company/maksimer,Gustav Aqvilin,X,X,X,post@maksimer.com
digicube AG,Liechtenstein,X,https://digicube.ch/kontakt/,"Legal & Professional Services, Agriculture & Farming, Fashion & Beauty, E-commerce & Retail","Content Strategy & Development, eCommerce Consulting, Site Maintenance & Plugin Management, Website or Online Store Development, Paid Advertising, Search Engine Optimization (SEO), Email Marketing & Social Media, Site Migration and Platform Integration, Website Performance Optimization",WooCommerce,"English, German",$5000,Worldwide,"Accepting new clients digicube AG Liechtenstein Contact on partner website Industries Legal & Professional Services Agriculture & Farming Fashion & Beauty E-commerce & Retail Services Content Strategy & Development eCommerce Consulting Site Maintenance & Plugin Management Website or Online Store Development Paid Advertising Search Engine Optimization (SEO) Email Marketing & Social Media Site Migration and Platform Integration Website Performance Optimization Products WooCommerce Accepts projects starting from $5000 Locations served Worldwide Languages spoken English German digicube AG Making Brands Tangible. Turning Digital into Real Impact. digicube is more than a traditional agency. As a full-service partner for brand development, design, web and digital communication, we combine strategic thinking with creative craftsmanship and modern technology. Our goal is clear: to make companies more visible, more relevant and more successful in the digital world – with brand experiences that i",https://woocommerce.com/development-services/digicube-ag/232764203/,https://www.linkedin.com/company/digicube-ag,X,X,X,X,"70info@digicube.ch, 70info@digicube.li, info@digicube.li"
Mtea,Belgium,Partner,https://mtea.be/,"Technology & IT Services, Agriculture & Farming, Automotive & Transportation, E-commerce & Retail, Construction & Engineering, Education & E-Learning, Energy & Utilities, Arts & Culture, Entertainment & Media, Environmental & Sustainability, Events & Conferences, Fashion & Beauty, Finance & Insurance, Food & Beverage, Government & Public Services, Healthcare & Medical, Legal & Professional Services, Logistics & Supply Chain, Manufacturing & Industry, Marketing & Advertising, Nonprofits & NGOs, Real Estate & Property, Sports & Recreation, Travel & Hospitality","Search Engine Optimization (SEO), Website Performance Optimization, Website or Online Store Development, Site Maintenance & Plugin Management, eCommerce Consulting","Pressable, WooCommerce, WordPress.com, Jetpack","Dutch, English, French, British English",$500,Worldwide,Accepting new clients Partner Mtea Belgium Contact on partner website Industries Technology & IT Services Agriculture & Farming Automotive & Transportation E-commerce & Retail Construction & Engineering Education & E-Learning Energy & Utilities Arts & Culture Entertainment & Media Environmental & Sustainability Events & Conferences Fashion & Beauty Finance & Insurance Food & Beverage Government & Public Services Healthcare & Medical Legal & Professional Services Logistics & Supply Chain Manufacturing & Industry Marketing & Advertising Nonprofits & NGOs Real Estate & Property Sports & Recreation Travel & Hospitality Services Search Engine Optimization (SEO) Website Performance Optimization Website or Online Store Development Site Maintenance & Plugin Management eCommerce Consulting Products Pressable WooCommerce WordPress.com Jetpack Accepts projects starting from $500 Locations served Worldwide Languages spoken Dutch English French British English Mtea No-nonsense WooCommerce specialis,https://woocommerce.com/development-services/mtea/244277298/,X,X,X,X,X,info@mtea.be
IT Monks Agency,Poland,Pro Partner,https://itmonks.com/service/woocommerce/,"Legal & Professional Services, E-commerce & Retail, Automotive & Transportation, Fashion & Beauty, Manufacturing & Industry","Conversion Rate & Checkout Optimization, Site Migration and Platform Integration, eCommerce Consulting, Site Maintenance & Plugin Management, Paid Advertising, Search Engine Optimization (SEO), Website or Online Store Development, Website Performance Optimization","WooCommerce, WordPress VIP, WordPress.com, Pressable",English,$10000,Worldwide,"Accepting new clients Pro Partner IT Monks Agency Poland Contact on partner website Industries Legal & Professional Services E-commerce & Retail Automotive & Transportation Fashion & Beauty Manufacturing & Industry Services Conversion Rate & Checkout Optimization Site Migration and Platform Integration eCommerce Consulting Site Maintenance & Plugin Management Paid Advertising Search Engine Optimization (SEO) Website or Online Store Development Website Performance Optimization Products WooCommerce WordPress VIP WordPress.com Pressable Accepts projects starting from $10000 Locations served Worldwide Languages spoken English IT Monks Agency Unique WordPress Websites Tailored for your Brand. IT Monks does unique custom WordPress solutions that make your business stand out, just like that. Some focus solely on website design, and others prefer to dive into technical stacks — we excel at both creative graphic design and custom web development. When we develop complex systems, we try to simpl",https://woocommerce.com/development-services/it-monks-agency/234990486/,X,X,X,X,X,X
Kanuka Digital,United Kingdom,Pro Partner,https://www.kanukadigital.com/woocommerce-development/,"Agriculture & Farming, Fashion & Beauty, E-commerce & Retail, Legal & Professional Services, Automotive & Transportation, Construction & Engineering, Education & E-Learning, Entertainment & Media, Events & Conferences, Finance & Insurance, Food & Beverage, Government & Public Services, Healthcare & Medical, Logistics & Supply Chain, Manufacturing & Industry, Marketing & Advertising, Real Estate & Property, Travel & Hospitality, Sports & Recreation","Growth Consulting, Content Strategy & Development, Conversion Rate & Checkout Optimization, Site Migration and Platform Integration, Website or Online Store Development, eCommerce Consulting, Site Maintenance & Plugin Management, Website Performance Optimization",WooCommerce,"English, French, Spanish",$10000,United Kingdom,Accepting new clients Pro Partner Kanuka Digital United Kingdom Contact on partner website Industries Agriculture & Farming Fashion & Beauty E-commerce & Retail Legal & Professional Services Automotive & Transportation Construction & Engineering Education & E-Learning Entertainment & Media Events & Conferences Finance & Insurance Food & Beverage Government & Public Services Healthcare & Medical Logistics & Supply Chain Manufacturing & Industry Marketing & Advertising Real Estate & Property Travel & Hospitality Sports & Recreation Services Growth Consulting Content Strategy & Development Conversion Rate & Checkout Optimization Site Migration and Platform Integration Website or Online Store Development eCommerce Consulting Site Maintenance & Plugin Management Website Performance Optimization Products WooCommerce Accepts projects starting from $10000 Locations served United Kingdom Languages spoken English French Spanish Kanuka Digital We are a leading eCommerce development agency who spe,https://woocommerce.com/development-services/kanuka-digital/232667176/,https://www.linkedin.com/company/kanuka-digital,X,X,X,X,"hello@kanukadigital.comQuick, hello@kanukadigital.com"
Osom Studio,Poland,Partner,https://www.osomstudio.com,"Legal & Professional Services, Government & Public Services, E-commerce & Retail, Automotive & Transportation, Technology & IT Services, Energy & Utilities, Construction & Engineering, Nonprofits & NGOs, Manufacturing & Industry","Security Consulting, Site Maintenance & Plugin Management, Website Performance Optimization, Website or Online Store Development, eCommerce Consulting","WooCommerce, Pressable",English,$5000,Worldwide,"Accepting new clients Partner Osom Studio Poland Contact on partner website Industries Legal & Professional Services Government & Public Services E-commerce & Retail Automotive & Transportation Technology & IT Services Energy & Utilities Construction & Engineering Nonprofits & NGOs Manufacturing & Industry Services Security Consulting Site Maintenance & Plugin Management Website Performance Optimization Website or Online Store Development eCommerce Consulting Products WooCommerce Pressable Accepts projects starting from $5000 Locations served Worldwide Languages spoken English Osom Studio WordPress and WooCommerce development agency since 2011. What makes us different: A significant part of our work involves taking over sites from other agencies. When your previous developer disappeared, left undocumented code, or delivered something that doesn’t work — we step in, stabilize, document, and maintain. We understand the challenges of running a tech company because we are one. Our team inc",https://woocommerce.com/development-services/osom-studio/234278359/,https://www.linkedin.com/company/osom-studio,X,X,X,X,X
Mindsize,United States,X,https://mindsize.com,"Legal & Professional Services, Government & Public Services, E-commerce & Retail","Conversion Rate & Checkout Optimization, Site Migration and Platform Integration, Website or Online Store Development, eCommerce Consulting, Site Maintenance & Plugin Management, Website Performance Optimization, Accessibility Consulting",WooCommerce,English,$0,United States,"Accepting new clients Mindsize United States Contact on partner website Industries Legal & Professional Services Government & Public Services E-commerce & Retail Services Conversion Rate & Checkout Optimization Site Migration and Platform Integration Website or Online Store Development eCommerce Consulting Site Maintenance & Plugin Management Website Performance Optimization Accessibility Consulting Products WooCommerce Accepts projects starting from $0 Locations served United States Languages spoken English Mindsize At Mindsize, we understand that a one size fits all plugin rarely solves your unique challenges. We build bespoke solutions that integrate seamlessly into your workflows. Let us take care of technology, so you can get back to business.",https://woocommerce.com/development-services/mindsize/235174305/,X,X,X,X,X,X
Stone Digital,Australia,Pro Partner,https://stonedigital.com.au/service/woocommerce-website-development/?utm_source=woo-directory,"Travel & Hospitality, E-commerce & Retail, Education & E-Learning, Real Estate & Property, Logistics & Supply Chain, Manufacturing & Industry, Legal & Professional Services, Food & Beverage, Events & Conferences, Construction & Engineering, Fashion & Beauty, Healthcare & Medical, Technology & IT Services, Finance & Insurance","Website or Online Store Development, Site Migration and Platform Integration, Website Performance Optimization, Conversion Rate & Checkout Optimization, Site Maintenance & Plugin Management","WooCommerce, WordPress VIP, Pressable",English,$5000,Worldwide,"Accepting new clients Pro Partner Stone Digital Australia Contact on partner website Industries Travel & Hospitality E-commerce & Retail Education & E-Learning Real Estate & Property Logistics & Supply Chain Manufacturing & Industry Legal & Professional Services Food & Beverage Events & Conferences Construction & Engineering Fashion & Beauty Healthcare & Medical Technology & IT Services Finance & Insurance Services Website or Online Store Development Site Migration and Platform Integration Website Performance Optimization Conversion Rate & Checkout Optimization Site Maintenance & Plugin Management Products WooCommerce WordPress VIP Pressable Accepts projects starting from $5000 Locations served Worldwide Languages spoken English Stone Digital Expert Web Design & Development At Stone Digital, we specialise in delivering exceptional custom websites built on WordPress and Woo. Our team combines technical expertise with bespoke design to deliver websites that drive results for your busines",https://woocommerce.com/development-services/stone-digital/241918237/,https://www.linkedin.com/company/stone-digital-au,X,X,X,X,hello@stonedigital.com
Flash ApS,Denmark,Pro Partner,https://flash.dk/,"E-commerce & Retail, Entertainment & Media, Education & E-Learning, Government & Public Services, Healthcare & Medical, Technology & IT Services, Real Estate & Property, Agriculture & Farming, Arts & Culture, Automotive & Transportation, Construction & Engineering, Energy & Utilities, Environmental & Sustainability, Events & Conferences, Fashion & Beauty, Finance & Insurance, Food & Beverage, Legal & Professional Services, Logistics & Supply Chain, Manufacturing & Industry, Marketing & Advertising, Nonprofits & NGOs, Sports & Recreation, Travel & Hospitality","Search Engine Optimization (SEO), Content Strategy & Development, Conversion Rate & Checkout Optimization, Site Maintenance & Plugin Management, Website or Online Store Development","Jetpack, WooCommerce, Pressable, WordPress VIP","Danish, English, British English, Swedish, Norwegian Bokmål, Alemannic",$500,Worldwide,Accepting new clients Pro Partner Flash ApS Denmark Contact on partner website Industries E-commerce & Retail Entertainment & Media Education & E-Learning Government & Public Services Healthcare & Medical Technology & IT Services Real Estate & Property Agriculture & Farming Arts & Culture Automotive & Transportation Construction & Engineering Energy & Utilities Environmental & Sustainability Events & Conferences Fashion & Beauty Finance & Insurance Food & Beverage Legal & Professional Services Logistics & Supply Chain Manufacturing & Industry Marketing & Advertising Nonprofits & NGOs Sports & Recreation Travel & Hospitality Services Search Engine Optimization (SEO) Content Strategy & Development Conversion Rate & Checkout Optimization Site Maintenance & Plugin Management Website or Online Store Development Products Jetpack WooCommerce Pressable WordPress VIP Accepts projects starting from $500 Locations served Worldwide Languages spoken Danish English British English Swedish Norwegian ,https://woocommerce.com/development-services/flash-aps/249553011/,https://www.linkedin.com/company/flash-marketing-aps/?originalSubdomain=dk,X,https://www.linkedin.com/in/flash-marketing-94b80421b,X,X,info@flash.dk
X,X,X,X,X,X,X,X,X,X,X,https://woocommerce.com/development-services//249729895/,X,X,X,X,X,X
Sculpt Digital,United Kingdom,Pro Partner,https://sculpt.digital,"E-commerce & Retail, Automotive & Transportation, Construction & Engineering, Fashion & Beauty, Finance & Insurance, Legal & Professional Services, Technology & IT Services, Real Estate & Property, Manufacturing & Industry, Healthcare & Medical, Education & E-Learning, Government & Public Services","Conversion Rate & Checkout Optimization, Search Engine Optimization (SEO), Site Migration and Platform Integration, Website or Online Store Development, Paid Advertising","Jetpack, Pressable, WooCommerce, WordPress VIP, WordPress.com",British English,$0,Worldwide,"Accepting new clients Pro Partner Sculpt Digital United Kingdom Contact on partner website Industries E-commerce & Retail Automotive & Transportation Construction & Engineering Fashion & Beauty Finance & Insurance Legal & Professional Services Technology & IT Services Real Estate & Property Manufacturing & Industry Healthcare & Medical Education & E-Learning Government & Public Services Services Conversion Rate & Checkout Optimization Search Engine Optimization (SEO) Site Migration and Platform Integration Website or Online Store Development Paid Advertising Products Jetpack Pressable WooCommerce WordPress VIP WordPress.com Accepts projects starting from $0 Locations served Worldwide Languages spoken British English Sculpt Digital Masters of data, insight and ecommerce tech, we will supercharge your sales by identifying and prioritising the points at which to improve performance of your digital sales journey. We will deliver the changes you need, to deliver the growth you want.",https://woocommerce.com/development-services/sculpt-digital/251698450/,X,X,X,X,X,X
GWS Technologies LTD,Mauritius,Partner,https://gws-technologies.com/contact-us/,"Real Estate & Property, Travel & Hospitality, Technology & IT Services, Marketing & Advertising, Construction & Engineering, Automotive & Transportation, Energy & Utilities, Entertainment & Media, Events & Conferences, Fashion & Beauty, Finance & Insurance, Food & Beverage, Sports & Recreation, Manufacturing & Industry, Logistics & Supply Chain, Legal & Professional Services, Healthcare & Medical, E-commerce & Retail, Agriculture & Farming","eCommerce Consulting, Website or Online Store Development, Website Performance Optimization, Security Consulting, Headless WordPress & Woo","Jetpack, Pressable, WooCommerce","English, French",$0,Worldwide,"Accepting new clients Partner GWS Technologies LTD Mauritius Contact on partner website Industries Real Estate & Property Travel & Hospitality Technology & IT Services Marketing & Advertising Construction & Engineering Automotive & Transportation Energy & Utilities Entertainment & Media Events & Conferences Fashion & Beauty Finance & Insurance Food & Beverage Sports & Recreation Manufacturing & Industry Logistics & Supply Chain Legal & Professional Services Healthcare & Medical E-commerce & Retail Agriculture & Farming Services eCommerce Consulting Website or Online Store Development Website Performance Optimization Security Consulting Headless WordPress & Woo Products Jetpack Pressable WooCommerce Accepts projects starting from $0 Locations served Worldwide Languages spoken English French GWS Technologies LTD GWS Technologies is an agency of passionate, creative developers who have been developing websites, e-commerce platforms, and web applications for brands and organizations since ",https://woocommerce.com/development-services/gws-technologies-ltd/235186786/,https://www.linkedin.com/company/gws-technologies-ltd,Jacques David,https://www.linkedin.com/in/thanjelie-aran-534a4a185,X,https://www.linkedin.com/in/bibi-nootaybah-ausrafally,"support@gws-technologies.com, sales@gws-technologies.atlassian, billing@gws-technologies.com, Mauritiussupport@gws-technologies.com"
ajotta,Brazil,Partner,http://ajotta.com,"Agriculture & Farming, Arts & Culture, Food & Beverage, E-commerce & Retail, Construction & Engineering, Entertainment & Media, Sports & Recreation, Events & Conferences, Finance & Insurance, Real Estate & Property, Marketing & Advertising, Manufacturing & Industry, Environmental & Sustainability, Fashion & Beauty, Travel & Hospitality, Technology & IT Services, Legal & Professional Services, Healthcare & Medical, Education & E-Learning, Automotive & Transportation, Nonprofits & NGOs","AI-powered Web Applications, Website or Online Store Development, Paid Advertising, Email Marketing & Social Media, Content Strategy & Development","Jetpack, Pressable, WooCommerce","Brazilian Portuguese, English",$500,Worldwide,"Accepting new clients Partner ajotta Brazil Contact on partner website Industries Agriculture & Farming Arts & Culture Food & Beverage E-commerce & Retail Construction & Engineering Entertainment & Media Sports & Recreation Events & Conferences Finance & Insurance Real Estate & Property Marketing & Advertising Manufacturing & Industry Environmental & Sustainability Fashion & Beauty Travel & Hospitality Technology & IT Services Legal & Professional Services Healthcare & Medical Education & E-Learning Automotive & Transportation Nonprofits & NGOs Services AI-powered Web Applications Website or Online Store Development Paid Advertising Email Marketing & Social Media Content Strategy & Development Products Jetpack Pressable WooCommerce Accepts projects starting from $500 Locations served Worldwide Languages spoken Brazilian Portuguese English ajotta ajotta – Technology, Design, and Development that Drive Business Growth ajotta is an agency specialized in website development , e-commerce , ",https://woocommerce.com/development-services/ajotta/234174210/,X,X,X,X,X,X
Kelp Creative Agency,United States,Pro Partner,https://www.kelp.agency/contact/,"Agriculture & Farming, Legal & Professional Services, Fashion & Beauty, Government & Public Services, E-commerce & Retail, Automotive & Transportation, Energy & Utilities","Website or Online Store Development, Website Performance Optimization, Site Migration and Platform Integration, Security Consulting, Accessibility Consulting","Jetpack, Pressable, WooCommerce, WordPress VIP, WordPress.com","English, British English",$500,Worldwide,"Accepting new clients Pro Partner Kelp Creative Agency United States Contact on partner website Industries Agriculture & Farming Legal & Professional Services Fashion & Beauty Government & Public Services E-commerce & Retail Automotive & Transportation Energy & Utilities Services Website or Online Store Development Website Performance Optimization Site Migration and Platform Integration Security Consulting Accessibility Consulting Products Jetpack Pressable WooCommerce WordPress VIP WordPress.com Accepts projects starting from $500 Locations served Worldwide Languages spoken English British English Kelp Creative Agency 🏆 Winner of the 2023 WooCommerce Innovator Award 🏆 Nestled in the vibrant city of Brooksville, Florida, Kelp Creative Agency stands as a local powerhouse, empowering businesses to thrive in the ever-evolving digital landscape. With a comprehensive range of services, including website design, social media management, marketing, branding, and more, we curate personalized e",https://woocommerce.com/development-services/kelp-creative-agency/232621912/,https://www.linkedin.com/company/kelpagency,X,X,X,X,X
Behla Design,United States,Partner,https://behladesign.com/wordpress-website-design-services/woo-commerce-consultants/,"Fashion & Beauty, Legal & Professional Services, E-commerce & Retail","eCommerce Consulting, Website or Online Store Development, Website Performance Optimization, Site Migration and Platform Integration, Site Maintenance & Plugin Management","WooCommerce, Pressable, Jetpack, WordPress.com","English, French",$500,Worldwide,"Accepting new clients Partner Behla Design United States Contact on partner website Industries Fashion & Beauty Legal & Professional Services E-commerce & Retail Services eCommerce Consulting Website or Online Store Development Website Performance Optimization Site Migration and Platform Integration Site Maintenance & Plugin Management Products WooCommerce Pressable Jetpack WordPress.com Accepts projects starting from $500 Locations served Worldwide Languages spoken English French Behla Design We are passionate WooCommerce Experts and provide custom solutions. Our capabilities include design, development and extending WooCommerce functionalities. Our clients range the from beverage to clothing to manufacturing and education industries. At Behla Design, our expertise and breadth of experience goes beyond website and graphic design, we also offer eCommerce solutions for businesses that would like to transform their WordPress site into a revenue generating machine by utilizing WooCommerce",https://woocommerce.com/development-services/behla-design/232640028/,https://www.linkedin.com/company/18058068,Richard Buchert,X,X,X,X
My Project Solution,United States,Pro Partner,https://myprojectsolution.com,"Automotive & Transportation, E-commerce & Retail, Education & E-Learning, Events & Conferences, Fashion & Beauty, Technology & IT Services, Sports & Recreation, Nonprofits & NGOs, Manufacturing & Industry, Logistics & Supply Chain, Healthcare & Medical, Construction & Engineering, Food & Beverage","eCommerce Consulting, Website or Online Store Development, Website Performance Optimization, Site Migration and Platform Integration, Site Maintenance & Plugin Management","Jetpack, Pressable, WooCommerce, WordPress VIP",English,$0,United States,"Accepting new clients Pro Partner My Project Solution United States Contact on partner website Industries Automotive & Transportation E-commerce & Retail Education & E-Learning Events & Conferences Fashion & Beauty Technology & IT Services Sports & Recreation Nonprofits & NGOs Manufacturing & Industry Logistics & Supply Chain Healthcare & Medical Construction & Engineering Food & Beverage Services eCommerce Consulting Website or Online Store Development Website Performance Optimization Site Migration and Platform Integration Site Maintenance & Plugin Management Products Jetpack Pressable WooCommerce WordPress VIP Accepts projects starting from $0 Locations served United States Languages spoken English My Project Solution My Project Solution (MPS) is a senior-led WooCommerce and WordPress agency focused on enterprise and mid-market organizations that require performance, integration depth, and long-term operational stability. Founded in 2018, we specialize in complex commerce and conten",https://woocommerce.com/development-services/my-project-solution/232621100/,X,Michael Plumber,X,X,X,hello@myprojectsolution.net
EUX Digital,Australia,Pro Partner,https://eux.com.au/woocommerce-builds/,"E-commerce & Retail, Travel & Hospitality, Food & Beverage, Fashion & Beauty, Legal & Professional Services, Manufacturing & Industry, Marketing & Advertising","Website or Online Store Development, Site Migration and Platform Integration, eCommerce Consulting, Website Performance Optimization, Site Maintenance & Plugin Management","WooCommerce, WordPress.com","British English, Spanish",$10000,Worldwide,"Accepting new clients Pro Partner EUX Digital Australia Contact on partner website Industries E-commerce & Retail Travel & Hospitality Food & Beverage Fashion & Beauty Legal & Professional Services Manufacturing & Industry Marketing & Advertising Services Website or Online Store Development Site Migration and Platform Integration eCommerce Consulting Website Performance Optimization Site Maintenance & Plugin Management Products WooCommerce WordPress.com Accepts projects starting from $10000 Locations served Worldwide Languages spoken British English Spanish EUX Digital EUX Digital is an Australian WooCommerce Pro Partner specialising in custom WooCommerce development and complex API integrations for B2C and B2B businesses. We design and build WooCommerce platforms that extend beyond standard themes and plugins, with a focus on clean architecture, performance, and long-term maintainability. Our work supports high-traffic B2C stores as well as businesses with complex pricing, workflows, ",https://woocommerce.com/development-services/eux-digital/233138062/,X,X,X,X,X,X
AddWeb Solution,India,Pro Partner,https://www.addwebsolution.com/our-capabilities/woocommerce-development,"Travel & Hospitality, E-commerce & Retail, Education & E-Learning, Entertainment & Media, Automotive & Transportation, Finance & Insurance, Technology & IT Services, Nonprofits & NGOs, Manufacturing & Industry, Marketing & Advertising, Real Estate & Property, Sports & Recreation, Legal & Professional Services, Healthcare & Medical, Environmental & Sustainability, Agriculture & Farming, Fashion & Beauty, Events & Conferences, Food & Beverage, Government & Public Services","Content Strategy & Development, AI-powered Web Applications, Headless WordPress & Woo, Site Maintenance & Plugin Management, Website Performance Optimization, Conversion Rate & Checkout Optimization, Site Migration and Platform Integration, Website or Online Store Development, eCommerce Consulting, Paid Advertising, Search Engine Optimization (SEO), Email Marketing & Social Media","WooCommerce, Jetpack, Pressable, WordPress.com, WordPress VIP","English, Spanish, Dutch, Italian, Japanese",$500,Worldwide,Accepting new clients Pro Partner AddWeb Solution India Contact on partner website Industries Travel & Hospitality E-commerce & Retail Education & E-Learning Entertainment & Media Automotive & Transportation Finance & Insurance Technology & IT Services Nonprofits & NGOs Manufacturing & Industry Marketing & Advertising Real Estate & Property Sports & Recreation Legal & Professional Services Healthcare & Medical Environmental & Sustainability Agriculture & Farming Fashion & Beauty Events & Conferences Food & Beverage Government & Public Services Services Content Strategy & Development AI-powered Web Applications Headless WordPress & Woo Site Maintenance & Plugin Management Website Performance Optimization Conversion Rate & Checkout Optimization Site Migration and Platform Integration Website or Online Store Development eCommerce Consulting Paid Advertising Search Engine Optimization (SEO) Email Marketing & Social Media Products WooCommerce Jetpack Pressable WordPress.com WordPress VIP Ac,https://woocommerce.com/development-services/addweb-solution/233151864/,https://www.linkedin.com/company/addwebsolution,Rajeev Agarwal,X,X,X,"Workplace.+91-903-317-7471poojaaddwebsales@addwebsolution.comLooking, spam.+91-903-317-7471poojaaddwebsales@addwebsolution.comRisk, spam.+91-903-317-7471poojaaddwebsales@addwebsolution.comOur, DESIGNRUSH+91-903-317-7471poojaaddwebsales@addwebsolution.comOur, Indiapooja.u@addwebsolution.com, USAbhumi@addwebsolution.us, Australiasomil@addwebsolution.com, Japanrichard@addwebsolution.com, USAnikita@addwebsolution.us, spam.+91-903-317-7471poojaaddwebsales@addwebsolution.com"
FirstTracks Marketing,United States,X,https://firsttracksmarketing.com/website-services-request/,"Fashion & Beauty, Legal & Professional Services, E-commerce & Retail, Energy & Utilities, Government & Public Services, Automotive & Transportation, Education & E-Learning, Construction & Engineering, Events & Conferences, Finance & Insurance, Food & Beverage, Healthcare & Medical, Manufacturing & Industry, Logistics & Supply Chain, Nonprofits & NGOs, Travel & Hospitality, Technology & IT Services, Sports & Recreation","eCommerce Consulting, Growth Consulting, Content Strategy & Development, Conversion Rate & Checkout Optimization, Site Migration and Platform Integration, Website or Online Store Development, Email Marketing & Social Media, Site Maintenance & Plugin Management, Paid Advertising, Search Engine Optimization (SEO), Website Performance Optimization","WooCommerce, Jetpack, Pressable",English,$5000,Worldwide,Accepting new clients FirstTracks Marketing United States Contact on partner website Industries Fashion & Beauty Legal & Professional Services E-commerce & Retail Energy & Utilities Government & Public Services Automotive & Transportation Education & E-Learning Construction & Engineering Events & Conferences Finance & Insurance Food & Beverage Healthcare & Medical Manufacturing & Industry Logistics & Supply Chain Nonprofits & NGOs Travel & Hospitality Technology & IT Services Sports & Recreation Services eCommerce Consulting Growth Consulting Content Strategy & Development Conversion Rate & Checkout Optimization Site Migration and Platform Integration Website or Online Store Development Email Marketing & Social Media Site Maintenance & Plugin Management Paid Advertising Search Engine Optimization (SEO) Website Performance Optimization Products WooCommerce Jetpack Pressable Accepts projects starting from $5000 Locations served Worldwide Languages spoken English FirstTracks Marketing Our,https://woocommerce.com/development-services/firsttracks-marketing/232630401/,https://www.linkedin.com/company/firsttracks-marketing-group?trk=top_nav_home,Matthew Nelson He / Him Owner / President x701,http://www.linkedin.com/in/matthewnelsonnh,X,http://www.linkedin.com/in/jamesdudley,sales@firsttracksmarketing.com
Qoob,United Kingdom,Pro Partner,https://qoob.com,"Agriculture & Farming, E-commerce & Retail, Manufacturing & Industry, Sports & Recreation, Food & Beverage, Fashion & Beauty","Website or Online Store Development, Growth Consulting, Paid Advertising, eCommerce Consulting, Email Marketing & Social Media","Pressable, WooCommerce, Jetpack",English,$5000,United Kingdom,"Accepting new clients Pro Partner Qoob United Kingdom Contact on partner website Industries Agriculture & Farming E-commerce & Retail Manufacturing & Industry Sports & Recreation Food & Beverage Fashion & Beauty Services Website or Online Store Development Growth Consulting Paid Advertising eCommerce Consulting Email Marketing & Social Media Products Pressable WooCommerce Jetpack Accepts projects starting from $5000 Locations served United Kingdom Languages spoken English Qoob Qoob is a UK digital growth agency that helps ambitious businesses turn their websites into powerful revenue engines. As Automattic Pro Partners, we specialise in building, optimising and growing WordPress and WooCommerce platforms that deliver real commercial results. Whether you’re launching a new ecommerce store, improving an existing site, or scaling an established online business, we work alongside you to create a solution that supports your goals and drives measurable growth. Our team combines deep technica",https://woocommerce.com/development-services/qoob/237953442/,https://www.linkedin.com/company/qoobagency,George Davies,X,X,X,enquiries@qoob.com
Big Red Jelly,United States,Pro Partner,https://bigredjelly.com/?utm_source=a4a-marketplace,"Agriculture & Farming, Fashion & Beauty, Legal & Professional Services, E-commerce & Retail, Energy & Utilities, Government & Public Services, Automotive & Transportation","Growth Consulting, Content Strategy & Development, Website or Online Store Development","WooCommerce, Pressable","English, French, Portuguese, Spanish",$500,United States,"Accepting new clients Pro Partner Big Red Jelly United States Contact on partner website Industries Agriculture & Farming Fashion & Beauty Legal & Professional Services E-commerce & Retail Energy & Utilities Government & Public Services Automotive & Transportation Services Growth Consulting Content Strategy & Development Website or Online Store Development Products WooCommerce Pressable Accepts projects starting from $500 Locations served United States Languages spoken English French Portuguese Spanish Big Red Jelly Big Red Jelly combines human creativity with powerful digital tools to accelerate business growth. They specialize in three areas: corporate branding, website building, and digital growth. These services build a foundation for digital success. Clients have a better understanding of WHO they are, HOW to grow online, and WHY digital representation matters. Big Red Jelly was started in 2017 by three brothers with a desire to help businesses succeed online. They saw a problem w",https://woocommerce.com/development-services/big-red-jelly/232024462/,https://www.linkedin.com/company/big-red-jelly,"Learn More
Zach",X,X,X,hello@bigredjelly.com
Woosa,Netherlands,Pro Partner,https://www.woosa.com/woocommerce-development-agency,"E-commerce & Retail, Fashion & Beauty, Sports & Recreation, Automotive & Transportation","eCommerce Consulting, Site Migration and Platform Integration, Site Maintenance & Plugin Management, Website or Online Store Development, Website Performance Optimization","WooCommerce, Pressable, Jetpack","Dutch, , Formal Dutch, English, British English",$500,Worldwide,"Accepting new clients Pro Partner Woosa Netherlands Contact on partner website Industries E-commerce & Retail Fashion & Beauty Sports & Recreation Automotive & Transportation Services eCommerce Consulting Site Migration and Platform Integration Site Maintenance & Plugin Management Website or Online Store Development Website Performance Optimization Products WooCommerce Pressable Jetpack Accepts projects starting from $500 Locations served Worldwide Languages spoken Dutch Formal Dutch English British English Woosa Woosa is a specialized WooCommerce agency focused on performance, scalability, and custom development. Our vision is simple: you stay in full control of your business, while we take care of the technical backbone behind the scenes. We act as your on-demand WooCommerce experts and developers, optimizing performance, solving complex challenges, and building custom solutions that help your store scale without friction. Our main expertises are: Speed Optimization Regular Maintenan",https://woocommerce.com/development-services/woosa/242455880/,X,X,X,X,X,X
Mode Effect,United States,Pro Partner,https://modeeffect.com/services/woocommerce-development-experts/,"Fashion & Beauty, E-commerce & Retail, Legal & Professional Services","Content Strategy & Development, Site Migration and Platform Integration, eCommerce Consulting, Email Marketing & Social Media, Site Maintenance & Plugin Management, Paid Advertising, Search Engine Optimization (SEO), Website or Online Store Development, Website Performance Optimization, Accessibility Consulting, Conversion Rate & Checkout Optimization",WooCommerce,English,$500,Worldwide,"Accepting new clients Pro Partner Mode Effect United States Contact on partner website Industries Fashion & Beauty E-commerce & Retail Legal & Professional Services Services Content Strategy & Development Site Migration and Platform Integration eCommerce Consulting Email Marketing & Social Media Site Maintenance & Plugin Management Paid Advertising Search Engine Optimization (SEO) Website or Online Store Development Website Performance Optimization Accessibility Consulting Conversion Rate & Checkout Optimization Products WooCommerce Accepts projects starting from $500 Locations served Worldwide Languages spoken English Mode Effect At Mode Effect, we are critical WooCommerce Experts at Your Service. We exist to help companies with their highly technical e-commerce needs. We pride ourselves on being a key partner for e-commerce, and enterprise companies looking for an experienced and expert WooCommerce, WordPress, and marketing consultancy. We focus on taking your business to the next le",https://woocommerce.com/development-services/mode-effect/234739905/,X,John Morrison,X,X,X,weliketohelp@modeeffect.com
Zafarie Desenvolvimento e Suporte,Brazil,Partner,https://zafarie.com.br,"Agriculture & Farming, Automotive & Transportation, E-commerce & Retail, Education & E-Learning, Energy & Utilities, Entertainment & Media, Environmental & Sustainability, Construction & Engineering, Events & Conferences, Arts & Culture, Fashion & Beauty, Finance & Insurance, Food & Beverage, Government & Public Services, Healthcare & Medical, Legal & Professional Services, Logistics & Supply Chain, Sports & Recreation, Technology & IT Services, Travel & Hospitality, Real Estate & Property, Nonprofits & NGOs, Marketing & Advertising, Manufacturing & Industry","Website or Online Store Development, Search Engine Optimization (SEO), Paid Advertising, Site Maintenance & Plugin Management, Website Performance Optimization","Jetpack, Pressable, WooCommerce, WordPress.com, WordPress VIP","Brazilian Portuguese, English",$500,Worldwide,Accepting new clients Partner Zafarie Desenvolvimento e Suporte Brazil Contact on partner website Industries Agriculture & Farming Automotive & Transportation E-commerce & Retail Education & E-Learning Energy & Utilities Entertainment & Media Environmental & Sustainability Construction & Engineering Events & Conferences Arts & Culture Fashion & Beauty Finance & Insurance Food & Beverage Government & Public Services Healthcare & Medical Legal & Professional Services Logistics & Supply Chain Sports & Recreation Technology & IT Services Travel & Hospitality Real Estate & Property Nonprofits & NGOs Marketing & Advertising Manufacturing & Industry Services Website or Online Store Development Search Engine Optimization (SEO) Paid Advertising Site Maintenance & Plugin Management Website Performance Optimization Products Jetpack Pressable WooCommerce WordPress.com WordPress VIP Accepts projects starting from $500 Locations served Worldwide Languages spoken Brazilian Portuguese English Zafarie ,https://woocommerce.com/development-services/zafarie-desenvolvimento-e-suporte/248188933/,https://br.linkedin.com/company/zafarie,X,X,X,X,contato@zafarie.com
WPExperts,United States,Pro Partner,https://wpexperts.io/contact/,"Legal & Professional Services, Fashion & Beauty, E-commerce & Retail, Energy & Utilities, Automotive & Transportation","Content Strategy & Development, Site Migration and Platform Integration, Website or Online Store Development, Site Maintenance & Plugin Management, Search Engine Optimization (SEO), Website Performance Optimization","WooCommerce, WordPress VIP, WordPress.com, Pressable, Jetpack","Arabic, English, Urdu",$500,Worldwide,"Accepting new clients Pro Partner WPExperts United States Contact on partner website Industries Legal & Professional Services Fashion & Beauty E-commerce & Retail Energy & Utilities Automotive & Transportation Services Content Strategy & Development Site Migration and Platform Integration Website or Online Store Development Site Maintenance & Plugin Management Search Engine Optimization (SEO) Website Performance Optimization Products WooCommerce WordPress VIP WordPress.com Pressable Jetpack Accepts projects starting from $500 Locations served Worldwide Languages spoken Arabic English Urdu WPExperts WPExperts is a globally leading full-stack WordPress & WooCommerce development agency with over 13 years of experience serving clients ranging from entrepreneurs to enterprise-scale companies. From humble beginnings with a vision of digital transformation, we have grown to a team of 200+ dedicated professionals in 2024, available from multiple countries around the clock. At WPExperts, we pri",https://woocommerce.com/development-services/wpexperts/232887126/,https://www.linkedin.com/company/wpexperts,Saad Iqbal,https://www.linkedin.com/in/saadiqbaladvani,X,https://www.linkedin.com/in/ahmed-salah-4182225a,X
Bertholdo Web Services,Brazil,Partner,https://www.bertholdo.com.br/fale-conosco/,"Automotive & Transportation, E-commerce & Retail, Education & E-Learning, Energy & Utilities, Fashion & Beauty, Food & Beverage, Legal & Professional Services, Real Estate & Property, Marketing & Advertising, Technology & IT Services","Website or Online Store Development, eCommerce Consulting, Site Migration and Platform Integration, Conversion Rate & Checkout Optimization, Search Engine Optimization (SEO)","WooCommerce, Pressable","Portuguese, Brazilian Portuguese, Spanish, English",$500,Worldwide,"Accepting new clients Partner Bertholdo Web Services Brazil Contact on partner website Industries Automotive & Transportation E-commerce & Retail Education & E-Learning Energy & Utilities Fashion & Beauty Food & Beverage Legal & Professional Services Real Estate & Property Marketing & Advertising Technology & IT Services Services Website or Online Store Development eCommerce Consulting Site Migration and Platform Integration Conversion Rate & Checkout Optimization Search Engine Optimization (SEO) Products WooCommerce Pressable Accepts projects starting from $500 Locations served Worldwide Languages spoken Portuguese Brazilian Portuguese Spanish English Bertholdo Web Services Bertholdo E-commerce: Your Strategic WooCommerce Partner in Brazil and Beyond Bertholdo is one of the first Brazilian companies officially listed in the WooCommerce partner directory. With over a decade of experience, we have become a trusted partner for enterprises and growing businesses across Brazil, Latin Ameri",https://woocommerce.com/development-services/bertholdo-web-services/239176547/,https://www.linkedin.com/company/bertholdo/mycompany,X,X,X,X,X
Suite Seven,Netherlands,Pro Partner,https://www.suiteseven.nl/woocommerce-webshop/,"Legal & Professional Services, Agriculture & Farming, E-commerce & Retail, Government & Public Services, Automotive & Transportation","Content Strategy & Development, Conversion Rate & Checkout Optimization, eCommerce Consulting, Site Maintenance & Plugin Management, Paid Advertising, Search Engine Optimization (SEO), Email Marketing & Social Media, Website or Online Store Development, Site Migration and Platform Integration, Website Performance Optimization","WooCommerce, Pressable","Dutch, English",$0,Worldwide,"Accepting new clients Pro Partner Suite Seven Netherlands Contact on partner website Industries Legal & Professional Services Agriculture & Farming E-commerce & Retail Government & Public Services Automotive & Transportation Services Content Strategy & Development Conversion Rate & Checkout Optimization eCommerce Consulting Site Maintenance & Plugin Management Paid Advertising Search Engine Optimization (SEO) Email Marketing & Social Media Website or Online Store Development Site Migration and Platform Integration Website Performance Optimization Products WooCommerce Pressable Accepts projects starting from $0 Locations served Worldwide Languages spoken Dutch English Suite Seven Suite Seven your partner for custom WooCommerce webshops Looking to grow your online business or noticing that your current webshop isn’t delivering the results you expected? Let Suite Seven, the first official WooCommerce Pro Partner in the Netherlands, build your custom webshop. – Mobile-first & conversion-fo",https://woocommerce.com/development-services/suite-seven/232808076/,https://www.linkedin.com/company/suite-7,X,X,X,X,"info@suiteseven.nl, helpdesk@suiteseven.nl, tim@suiteseven.nl"
Syde,Germany,Premier Partner,https://syde.com/?utm_medium=referral&#038;utm_source=website&#038;utm_campaign=wooexpert,"Legal & Professional Services, Government & Public Services, Energy & Utilities, E-commerce & Retail, Automotive & Transportation, Education & E-Learning, Healthcare & Medical, Manufacturing & Industry","Site Migration and Platform Integration, Website or Online Store Development, Site Maintenance & Plugin Management, International and Multilingual Consulting, Website Performance Optimization","WooCommerce, WordPress.com, WordPress VIP, Pressable","English, German",$30000,Worldwide,"Accepting new clients Premier Partner Syde Germany Contact on partner website Industries Legal & Professional Services Government & Public Services Energy & Utilities E-commerce & Retail Automotive & Transportation Education & E-Learning Healthcare & Medical Manufacturing & Industry Services Site Migration and Platform Integration Website or Online Store Development Site Maintenance & Plugin Management International and Multilingual Consulting Website Performance Optimization Products WooCommerce WordPress.com WordPress VIP Pressable Accepts projects starting from $30000 Locations served Worldwide Languages spoken English German Syde Syde, Europe’s biggest pure WordPress Agency and one of the leading WordPress agencies worldwide. Since our creation in 2006, we have successfully led many sophisticated WordPress projects in the enterprise market thanks to our experience, longevity, and proven track record. Our status as the European WooExpert Innovation Award Winners for our custom payme",https://woocommerce.com/development-services/syde/232498817/,X,X,X,X,X,X
White Label Coders,Poland,X,https://whitelabelcoders.com/contact/?utm_campaign=woocommerce,"Legal & Professional Services, E-commerce & Retail, Fashion & Beauty, Energy & Utilities","Site Migration and Platform Integration, Website or Online Store Development, Site Maintenance & Plugin Management, Website Performance Optimization, Security Consulting","WooCommerce, Pressable, WordPress.com","English, Polish",$5000,Worldwide,"Accepting new clients White Label Coders Poland Contact on partner website Industries Legal & Professional Services E-commerce & Retail Fashion & Beauty Energy & Utilities Services Site Migration and Platform Integration Website or Online Store Development Site Maintenance & Plugin Management Website Performance Optimization Security Consulting Products WooCommerce Pressable WordPress.com Accepts projects starting from $5000 Locations served Worldwide Languages spoken English Polish White Label Coders If you are looking for a technology partner to build a new e-commerce store or provide maintenance and support services for an existing WooCommerce shop, you may be interested to know that: At White Label Coders (WLC) we are Poland’s largest WordPress and WooCommerce specialized team, with 60+ our experts dedicated to serve global Clients daily. We have successfully collaborated with companies from Norway, Sweden, Switzerland, the UK, the USA, Malta, Singapore and beyond. Our history date",https://woocommerce.com/development-services/white-label-coders/233056017/,https://www.linkedin.com/company/whitelabelcoders/mycompany,X,X,X,X,info@whitelabelcoders.com
CoSpark | A Full-Stack WooCommerce Agency,United States,Pro Partner,https://cospark.com/?utm_source=woodirectory,"Agriculture & Farming, Legal & Professional Services, Fashion & Beauty, Government & Public Services, E-commerce & Retail, Automotive & Transportation, Energy & Utilities, Technology & IT Services, Arts & Culture, Construction & Engineering, Education & E-Learning, Entertainment & Media, Events & Conferences, Finance & Insurance, Environmental & Sustainability, Healthcare & Medical, Food & Beverage, Logistics & Supply Chain, Manufacturing & Industry, Marketing & Advertising, Nonprofits & NGOs, Real Estate & Property, Sports & Recreation, Travel & Hospitality","Site Maintenance & Plugin Management, Site Migration and Platform Integration, Website Performance Optimization, Website or Online Store Development, eCommerce Consulting","Jetpack, Pressable, WooCommerce, WordPress VIP, WordPress.com","English, Spanish",$0,Worldwide,Accepting new clients Pro Partner CoSpark | A Full-Stack WooCommerce Agency United States Contact on partner website Industries Agriculture & Farming Legal & Professional Services Fashion & Beauty Government & Public Services E-commerce & Retail Automotive & Transportation Energy & Utilities Technology & IT Services Arts & Culture Construction & Engineering Education & E-Learning Entertainment & Media Events & Conferences Finance & Insurance Environmental & Sustainability Healthcare & Medical Food & Beverage Logistics & Supply Chain Manufacturing & Industry Marketing & Advertising Nonprofits & NGOs Real Estate & Property Sports & Recreation Travel & Hospitality Services Site Maintenance & Plugin Management Site Migration and Platform Integration Website Performance Optimization Website or Online Store Development eCommerce Consulting Products Jetpack Pressable WooCommerce WordPress VIP WordPress.com Accepts projects starting from $0 Locations served Worldwide Languages spoken English S,https://woocommerce.com/development-services/cospark-a-full-stack-woocommerce-agency/233040429/,X,X,X,X,X,hello@cospark.com
Neuralab,Croatia,X,https://www.neuralab.net/,"Legal & Professional Services, Agriculture & Farming, Fashion & Beauty, E-commerce & Retail, Energy & Utilities, Government & Public Services, Automotive & Transportation","Site Maintenance & Plugin Management, Website or Online Store Development, Site Migration and Platform Integration, eCommerce Consulting, Conversion Rate & Checkout Optimization","WooCommerce, WordPress VIP","Croatian, English, Italian",$10000,Worldwide,"Accepting new clients Neuralab Croatia Contact on partner website Industries Legal & Professional Services Agriculture & Farming Fashion & Beauty E-commerce & Retail Energy & Utilities Government & Public Services Automotive & Transportation Services Site Maintenance & Plugin Management Website or Online Store Development Site Migration and Platform Integration eCommerce Consulting Conversion Rate & Checkout Optimization Products WooCommerce WordPress VIP Accepts projects starting from $10000 Locations served Worldwide Languages spoken Croatian English Italian Neuralab 👉 We’ve been awarded with “Open Source Champion” by WooCommerce team. Find out more on our blog 🏆 Whether you own a start-up or manage big-corp online fronts, you need an award winning team of developers, designers and content makers. A team that will take care of the complicated tasks of building a superb web or eCommerce presence. That’s where we kick in as we spent dozen of years trying out every possible web technolo",https://woocommerce.com/development-services/neuralab/234083846/,https://www.linkedin.com/company/neuralab,X,X,X,X,"newyork@neuralab.net, zagreb@neuralab.net"
Waga,Italy,X,https://www.waga.it/en/ecommerce/,"Legal & Professional Services, Fashion & Beauty, E-commerce & Retail","Content Strategy & Development, Conversion Rate & Checkout Optimization, Site Migration and Platform Integration, Website or Online Store Development, eCommerce Consulting, Site Maintenance & Plugin Management, Paid Advertising, Search Engine Optimization (SEO), Email Marketing & Social Media, Website Performance Optimization",WooCommerce,"English, Italian",$5000,Worldwide,"Accepting new clients Waga Italy Contact on partner website Industries Legal & Professional Services Fashion & Beauty E-commerce & Retail Services Content Strategy & Development Conversion Rate & Checkout Optimization Site Migration and Platform Integration Website or Online Store Development eCommerce Consulting Site Maintenance & Plugin Management Paid Advertising Search Engine Optimization (SEO) Email Marketing & Social Media Website Performance Optimization Products WooCommerce Accepts projects starting from $5000 Locations served Worldwide Languages spoken English Italian Waga Waga is a web and ecommerce agency based in Milan, Italy, established in 2012. It offers design, development, management and digital marketing services for ecommerce.",https://woocommerce.com/development-services/waga/233197083/,https://www.linkedin.com/company/webandgraphicagency,X,X,X,X,info@waga.it
eCreations,United States,X,https://eCreations.net,"Agriculture & Farming, Arts & Culture, Automotive & Transportation, Construction & Engineering, E-commerce & Retail, Education & E-Learning, Energy & Utilities, Entertainment & Media, Fashion & Beauty, Environmental & Sustainability, Events & Conferences, Finance & Insurance, Food & Beverage, Government & Public Services, Legal & Professional Services, Manufacturing & Industry, Logistics & Supply Chain, Healthcare & Medical, Marketing & Advertising, Nonprofits & NGOs, Real Estate & Property, Sports & Recreation, Technology & IT Services, Travel & Hospitality","Website or Online Store Development, eCommerce Consulting, Website Performance Optimization, Site Migration and Platform Integration, Site Maintenance & Plugin Management",WooCommerce,English,$5000,Worldwide,"Accepting new clients eCreations United States Contact on partner website Industries Agriculture & Farming Arts & Culture Automotive & Transportation Construction & Engineering E-commerce & Retail Education & E-Learning Energy & Utilities Entertainment & Media Fashion & Beauty Environmental & Sustainability Events & Conferences Finance & Insurance Food & Beverage Government & Public Services Legal & Professional Services Manufacturing & Industry Logistics & Supply Chain Healthcare & Medical Marketing & Advertising Nonprofits & NGOs Real Estate & Property Sports & Recreation Technology & IT Services Travel & Hospitality Services Website or Online Store Development eCommerce Consulting Website Performance Optimization Site Migration and Platform Integration Site Maintenance & Plugin Management Products WooCommerce Accepts projects starting from $5000 Locations served Worldwide Languages spoken English eCreations eCreations: Empowering Businesses Through Digital Excellence At eCreations, ",https://woocommerce.com/development-services/ecreations/232632053/,https://www.linkedin.com/company/ecreations-llc,X,X,X,X,434-1622info@eCreations.net
GoldLife AB,Sweden,Partner,https://goldlife.se,"Arts & Culture, Construction & Engineering, E-commerce & Retail, Education & E-Learning, Entertainment & Media, Agriculture & Farming, Energy & Utilities, Environmental & Sustainability, Events & Conferences, Fashion & Beauty, Finance & Insurance, Government & Public Services, Legal & Professional Services, Logistics & Supply Chain, Manufacturing & Industry, Marketing & Advertising, Nonprofits & NGOs, Real Estate & Property, Automotive & Transportation, Food & Beverage, Healthcare & Medical, Sports & Recreation, Technology & IT Services, Travel & Hospitality","eCommerce Consulting, Website or Online Store Development, Accessibility Consulting, Email Marketing & Social Media, Site Maintenance & Plugin Management","WooCommerce, Pressable","English, British English, Swedish, German",$5000,Worldwide,"Accepting new clients Partner GoldLife AB Sweden Contact on partner website Industries Arts & Culture Construction & Engineering E-commerce & Retail Education & E-Learning Entertainment & Media Agriculture & Farming Energy & Utilities Environmental & Sustainability Events & Conferences Fashion & Beauty Finance & Insurance Government & Public Services Legal & Professional Services Logistics & Supply Chain Manufacturing & Industry Marketing & Advertising Nonprofits & NGOs Real Estate & Property Automotive & Transportation Food & Beverage Healthcare & Medical Sports & Recreation Technology & IT Services Travel & Hospitality Services eCommerce Consulting Website or Online Store Development Accessibility Consulting Email Marketing & Social Media Site Maintenance & Plugin Management Products WooCommerce Pressable Accepts projects starting from $5000 Locations served Worldwide Languages spoken English British English Swedish German GoldLife AB We create websites in WordPress, e-commerce with ",https://woocommerce.com/development-services/goldlife-ab/240895166/,X,X,X,X,X,X
Digital Forms,Brazil,Pro Partner,https://digitalforms.com.br/,"E-commerce & Retail, Food & Beverage, Arts & Culture, Education & E-Learning, Entertainment & Media, Sports & Recreation, Real Estate & Property, Marketing & Advertising, Fashion & Beauty, Nonprofits & NGOs, Government & Public Services, Technology & IT Services","eCommerce Consulting, Website or Online Store Development, Site Maintenance & Plugin Management, Website Performance Optimization, Security Consulting","Jetpack, Pressable, WooCommerce, WordPress VIP, WordPress.com","Brazilian Portuguese, Portuguese, English, Spanish",$10000,Worldwide,"Accepting new clients Pro Partner Digital Forms Brazil Contact on partner website Industries E-commerce & Retail Food & Beverage Arts & Culture Education & E-Learning Entertainment & Media Sports & Recreation Real Estate & Property Marketing & Advertising Fashion & Beauty Nonprofits & NGOs Government & Public Services Technology & IT Services Services eCommerce Consulting Website or Online Store Development Site Maintenance & Plugin Management Website Performance Optimization Security Consulting Products Jetpack Pressable WooCommerce WordPress VIP WordPress.com Accepts projects starting from $10000 Locations served Worldwide Languages spoken Brazilian Portuguese Portuguese English Spanish Digital Forms eCommerce Specialists ! High-converting stores built on WooCommerce.. Ongoing technical support Focused on performance & ROI Experts in WordPress, WooCommerce, and High-Performance eCommerce Complete solutions for online stores and business websites With over 15 years of experience and m",https://woocommerce.com/development-services/digital-forms/236525513/,https://www.linkedin.com/company/digitalforms,X,X,X,X,X
FutureLab Digital,New Zealand,X,https://futurelab.digital/web-development/ecommerce-website-development/,"Legal & Professional Services, Agriculture & Farming, Government & Public Services","Growth Consulting, Content Strategy & Development, Website or Online Store Development, eCommerce Consulting, Site Migration and Platform Integration",WooCommerce,English,$500,Worldwide,"Accepting new clients FutureLab Digital New Zealand Contact on partner website Industries Legal & Professional Services Agriculture & Farming Government & Public Services Services Growth Consulting Content Strategy & Development Website or Online Store Development eCommerce Consulting Site Migration and Platform Integration Products WooCommerce Accepts projects starting from $500 Locations served Worldwide Languages spoken English FutureLab Digital We’re your strategic ally. We provide businesses with holistic solutions and a transparent perspective on web design, WordPress, WooCommerce, and Digital Know-how.",https://woocommerce.com/development-services/futurelab-digital/235444747/,https://www.linkedin.com/company/futurelabdigital,X,X,X,X,X
"Coded Commerce, LLC",United States,Pro Partner,https://codedcommerce.com/,"Agriculture & Farming, Arts & Culture, Automotive & Transportation, Construction & Engineering, E-commerce & Retail, Education & E-Learning, Energy & Utilities, Entertainment & Media, Environmental & Sustainability, Events & Conferences, Fashion & Beauty, Finance & Insurance, Food & Beverage, Government & Public Services, Healthcare & Medical, Legal & Professional Services, Logistics & Supply Chain, Manufacturing & Industry, Marketing & Advertising, Nonprofits & NGOs, Real Estate & Property, Sports & Recreation, Technology & IT Services, Travel & Hospitality","Site Maintenance & Plugin Management, Website or Online Store Development, Website Performance Optimization, Site Migration and Platform Integration, eCommerce Consulting","Jetpack, Pressable, WooCommerce, WordPress VIP, WordPress.com",English,$5000,United States,"Accepting new clients Pro Partner Coded Commerce, LLC United States Contact on partner website Industries Agriculture & Farming Arts & Culture Automotive & Transportation Construction & Engineering E-commerce & Retail Education & E-Learning Energy & Utilities Entertainment & Media Environmental & Sustainability Events & Conferences Fashion & Beauty Finance & Insurance Food & Beverage Government & Public Services Healthcare & Medical Legal & Professional Services Logistics & Supply Chain Manufacturing & Industry Marketing & Advertising Nonprofits & NGOs Real Estate & Property Sports & Recreation Technology & IT Services Travel & Hospitality Services Site Maintenance & Plugin Management Website or Online Store Development Website Performance Optimization Site Migration and Platform Integration eCommerce Consulting Products Jetpack Pressable WooCommerce WordPress VIP WordPress.com Accepts projects starting from $5000 Locations served United States Languages spoken English Coded Commerce, ",https://woocommerce.com/development-services/coded-commerce-llc/244597147/,https://www.linkedin.com/in/websean,X,https://www.linkedin.com/in/websean,X,X,sean@codedcommerce.com
WPSPIN LLC,United States,Partner,https://wpspins.com/,"Legal & Professional Services, Fashion & Beauty, Government & Public Services, E-commerce & Retail, Automotive & Transportation, Energy & Utilities, Agriculture & Farming","Site Maintenance & Plugin Management, Site Migration and Platform Integration, Website Performance Optimization, Website or Online Store Development, eCommerce Consulting","Jetpack, Pressable, WooCommerce, WordPress VIP, WordPress.com",English,$500,Worldwide,"Accepting new clients Partner WPSPIN LLC United States Contact on partner website Industries Legal & Professional Services Fashion & Beauty Government & Public Services E-commerce & Retail Automotive & Transportation Energy & Utilities Agriculture & Farming Services Site Maintenance & Plugin Management Site Migration and Platform Integration Website Performance Optimization Website or Online Store Development eCommerce Consulting Products Jetpack Pressable WooCommerce WordPress VIP WordPress.com Accepts projects starting from $500 Locations served Worldwide Languages spoken English WPSPIN LLC WPSpins is a dedicated team of seasoned WordPress developers, led by an expert WordPress Engineer. Our mission is to deliver cutting-edge WordPress and WooCommerce solutions tailored to our clients’ unique needs. Whether it’s simple content revisions, theme installations, plugin customisations, or the development of a multifaceted web portal, we are committed to exceptional service and quality. Ou",https://woocommerce.com/development-services/wpspin-llc/235848283/,https://www.linkedin.com/in/wp-spins-96b97b1ba,Baljinder Singh,https://www.linkedin.com/in/wp-spins-96b97b1ba,X,https://www.linkedin.com/in/mike-singh-wordpress-developer,hello@wpspins.comCall
Virtina,United States,X,https://virtina.com/platforms/woocommerce-development-services/,"Legal & Professional Services, Agriculture & Farming, Fashion & Beauty, E-commerce & Retail, Energy & Utilities, Government & Public Services, Automotive & Transportation","Growth Consulting, Content Strategy & Development, Site Migration and Platform Integration, Website or Online Store Development, eCommerce Consulting, Site Maintenance & Plugin Management, Search Engine Optimization (SEO), Website Performance Optimization",WooCommerce,English,$500,Worldwide,"Accepting new clients Virtina United States Contact on partner website Industries Legal & Professional Services Agriculture & Farming Fashion & Beauty E-commerce & Retail Energy & Utilities Government & Public Services Automotive & Transportation Services Growth Consulting Content Strategy & Development Site Migration and Platform Integration Website or Online Store Development eCommerce Consulting Site Maintenance & Plugin Management Search Engine Optimization (SEO) Website Performance Optimization Products WooCommerce Accepts projects starting from $500 Locations served Worldwide Languages spoken English Virtina Virtina is a leading eCommerce development company specialized in custom WooCommerce development since 2011. We have helped organizations from diverse industries, including B2B manufacturers, distributors, wholesalers, DTC brands, and marketplaces, grow their online presence. As an officially listed eCommerce Business Service Provider (BSP) by the U.S. Commercial Service, Vir",https://woocommerce.com/development-services/virtina/232625492/,https://www.linkedin.com/company/virtina,X,X,X,X,"sales@virtina.com, hello@virtina.com"
Sparklabs,Mexico,Pro Partner,http://sparklabs.com.mx,"Legal & Professional Services, Sports & Recreation, Education & E-Learning, Food & Beverage, E-commerce & Retail, Healthcare & Medical, Government & Public Services, Technology & IT Services, Fashion & Beauty","Content Strategy & Development, Site Migration and Platform Integration, eCommerce Consulting, Site Maintenance & Plugin Management, Headless WordPress & Woo","WooCommerce, WordPress VIP, Pressable, WordPress.com, Jetpack","Spanish, English",$5000,Mexico,"Accepting new clients Pro Partner Sparklabs Mexico Contact on partner website Industries Legal & Professional Services Sports & Recreation Education & E-Learning Food & Beverage E-commerce & Retail Healthcare & Medical Government & Public Services Technology & IT Services Fashion & Beauty Services Content Strategy & Development Site Migration and Platform Integration eCommerce Consulting Site Maintenance & Plugin Management Headless WordPress & Woo Products WooCommerce WordPress VIP Pressable WordPress.com Jetpack Accepts projects starting from $5000 Locations served Mexico Languages spoken Spanish English Sparklabs At Sparklabs, we drive digital transformation, focusing on excellence and innovation to empower e-commerce and elevate online presence with expert development in e-commerce technologies. En Sparklabs, impulsamos la transformación digital, enfocándonos en la excelencia y la innovación para potenciar el comercio electrónico y fortalecer la presencia en línea con expertos en d",https://woocommerce.com/development-services/sparklabs/232846458/,X,X,X,X,X,X
LAMASON AGENCY,Argentina,Pro Partner,https://lamasonagency.com/automattic/,"Agriculture & Farming, Food & Beverage, Arts & Culture, Automotive & Transportation, E-commerce & Retail, Construction & Engineering, Sports & Recreation, Education & E-Learning, Energy & Utilities, Entertainment & Media, Events & Conferences, Manufacturing & Industry, Finance & Insurance, Real Estate & Property, Logistics & Supply Chain, Marketing & Advertising, Environmental & Sustainability, Fashion & Beauty, Nonprofits & NGOs, Healthcare & Medical, Government & Public Services, Legal & Professional Services, Technology & IT Services, Travel & Hospitality","Website or Online Store Development, Headless WordPress & Woo, eCommerce Consulting, Site Maintenance & Plugin Management, Website Performance Optimization","Jetpack, Pressable, WooCommerce, WordPress VIP, WordPress.com","Spanish, English, Brazilian Portuguese",$5000,Worldwide,Accepting new clients Pro Partner LAMASON AGENCY Argentina Contact on partner website Industries Agriculture & Farming Food & Beverage Arts & Culture Automotive & Transportation E-commerce & Retail Construction & Engineering Sports & Recreation Education & E-Learning Energy & Utilities Entertainment & Media Events & Conferences Manufacturing & Industry Finance & Insurance Real Estate & Property Logistics & Supply Chain Marketing & Advertising Environmental & Sustainability Fashion & Beauty Nonprofits & NGOs Healthcare & Medical Government & Public Services Legal & Professional Services Technology & IT Services Travel & Hospitality Services Website or Online Store Development Headless WordPress & Woo eCommerce Consulting Site Maintenance & Plugin Management Website Performance Optimization Products Jetpack Pressable WooCommerce WordPress VIP WordPress.com Accepts projects starting from $5000 Locations served Worldwide Languages spoken Spanish English Brazilian Portuguese LAMASON AGENCY ,https://woocommerce.com/development-services/lamason-agency/247815438/,https://ar.linkedin.com/company/lamason,X,X,X,X,info@lamasonmail.com
Dazze Studio,United Kingdom,Partner,https://www.dazze.studio/boost-your-ecommerce-sales/?utm_source=woocommerce&#038;utm_medium=referral_profile&#038;utm_campaign=directory,"E-commerce & Retail, Fashion & Beauty, Construction & Engineering, Automotive & Transportation","Conversion Rate & Checkout Optimization, Site Maintenance & Plugin Management, eCommerce Consulting, Website or Online Store Development, Website Performance Optimization","Jetpack, Pressable, WooCommerce",British English,$0,Worldwide,"Accepting new clients Partner Dazze Studio United Kingdom Contact on partner website Industries E-commerce & Retail Fashion & Beauty Construction & Engineering Automotive & Transportation Services Conversion Rate & Checkout Optimization Site Maintenance & Plugin Management eCommerce Consulting Website or Online Store Development Website Performance Optimization Products Jetpack Pressable WooCommerce Accepts projects starting from $0 Locations served Worldwide Languages spoken British English Dazze Studio We build eCommerce brands and stores. We design experiences that turn visitors into customers. Dazze brings over 20 years of hands-on eCommerce experience to every project, with a proven track record in delivering strong branding and high-performing eCommerce solutions . We’ve worked with leading brands including Stone Island, C.P. Company, The Vampire’s Wife, Blue Mountain School, and LN-CC – contributing to millions in sales, a global customer base in 100+ countries, and a database o",https://woocommerce.com/development-services/dazze-studio/233665746/,X,X,X,X,X,enquirieshello@dazze.studio
Black Nova Designs Ltd,United Kingdom,Pro Partner,https://blacknovadesigns.co.uk/web-design/,"Agriculture & Farming, E-commerce & Retail, Construction & Engineering, Legal & Professional Services, Automotive & Transportation, Environmental & Sustainability, Fashion & Beauty, Food & Beverage, Technology & IT Services","Headless WordPress & Woo, Website or Online Store Development, Site Maintenance & Plugin Management, Website Performance Optimization, eCommerce Consulting","Jetpack, Pressable, WooCommerce, WordPress VIP",British English,$500,United Kingdom,"Accepting new clients Pro Partner Black Nova Designs Ltd United Kingdom Contact on partner website Industries Agriculture & Farming E-commerce & Retail Construction & Engineering Legal & Professional Services Automotive & Transportation Environmental & Sustainability Fashion & Beauty Food & Beverage Technology & IT Services Services Headless WordPress & Woo Website or Online Store Development Site Maintenance & Plugin Management Website Performance Optimization eCommerce Consulting Products Jetpack Pressable WooCommerce WordPress VIP Accepts projects starting from $500 Locations served United Kingdom Languages spoken British English Black Nova Designs Ltd Black Nova Designs is a Wiltshire‑based digital agency specialising in bespoke WordPress development, high‑performance WooCommerce builds, and secure hosting solutions for businesses across the UK. Our approach blends technical excellence with clear, human communication — giving clients full confidence in every stage of their digital ",https://woocommerce.com/development-services/black-nova-designs-ltd/251102500/,https://www.linkedin.com/company/black-nova-designs,X,X,X,X,X
Clockwork Moggy Ltd,United Kingdom,Pro Partner,https://clockworkmoggy.com,"E-commerce & Retail, Entertainment & Media, Marketing & Advertising, Food & Beverage, Technology & IT Services, Travel & Hospitality, Sports & Recreation, Nonprofits & NGOs, Legal & Professional Services, Healthcare & Medical, Government & Public Services, Education & E-Learning","Content Strategy & Development, Paid Advertising, Search Engine Optimization (SEO), eCommerce Consulting, Email Marketing & Social Media","WordPress.com, WooCommerce, Jetpack, Pressable",British English,$5000,Worldwide,"Accepting new clients Pro Partner Clockwork Moggy Ltd United Kingdom Contact on partner website Industries E-commerce & Retail Entertainment & Media Marketing & Advertising Food & Beverage Technology & IT Services Travel & Hospitality Sports & Recreation Nonprofits & NGOs Legal & Professional Services Healthcare & Medical Government & Public Services Education & E-Learning Services Content Strategy & Development Paid Advertising Search Engine Optimization (SEO) eCommerce Consulting Email Marketing & Social Media Products WordPress.com WooCommerce Jetpack Pressable Accepts projects starting from $5000 Locations served Worldwide Languages spoken British English Clockwork Moggy Ltd We help businesses thrive and increase profits with marketing and advertising strategies, branding and data driven insights. 🚀 About Us Clockwork Moggy is a full-service digital marketing agency based in the heart of Kent, helping brands of all shapes and sizes stand out, show off, and grow online. Born during ",https://woocommerce.com/development-services/clockwork-moggy-ltd/236851576/,X,X,X,X,X,X
Shinobiashi INC.,Japan,Partner,https://ssec.shop/,"Fashion & Beauty, E-commerce & Retail, Legal & Professional Services","Website or Online Store Development, eCommerce Consulting, Site Maintenance & Plugin Management, Content Strategy & Development, Site Migration and Platform Integration, Website Performance Optimization","WooCommerce, Jetpack, WordPress.com","English, Japanese",$5000,Worldwide,"Accepting new clients Partner Shinobiashi INC. Japan Contact on partner website Industries Fashion & Beauty E-commerce & Retail Legal & Professional Services Services Website or Online Store Development eCommerce Consulting Site Maintenance & Plugin Management Content Strategy & Development Site Migration and Platform Integration Website Performance Optimization Products WooCommerce Jetpack WordPress.com Accepts projects starting from $5000 Locations served Worldwide Languages spoken English Japanese Shinobiashi INC. We advise on-site design, back-end development, and marketing, mainly in the Japanese market. 主に日本市場において、サイト設計、バックエンド開発、マーケティングのアドバイスを行っております。",https://woocommerce.com/development-services/shinobiashi-inc/233150772/,https://www.linkedin.com/in/softsteps-ec-272951255,X,https://www.linkedin.com/in/softsteps-ec-272951255,X,X,X
WidgiLabs,Portugal,X,https://www.widgilabs.com,"Fashion & Beauty, E-commerce & Retail, Legal & Professional Services","Site Maintenance & Plugin Management, Site Migration and Platform Integration, eCommerce Consulting, Website or Online Store Development, Website Performance Optimization","WooCommerce, WordPress.com","Portuguese, Spanish, British English",$5000,Worldwide,"Accepting new clients WidgiLabs Portugal Contact on partner website Industries Fashion & Beauty E-commerce & Retail Legal & Professional Services Services Site Maintenance & Plugin Management Site Migration and Platform Integration eCommerce Consulting Website or Online Store Development Website Performance Optimization Products WooCommerce WordPress.com Accepts projects starting from $5000 Locations served Worldwide Languages spoken Portuguese Spanish British English WidgiLabs Widgilabs is a leading Enterprise WordPress agency based in Lisbon, Portugal. With a portfolio that includes big brands such as Observador, ECO.pt, Forbes Portugal, UNICEF Portugal, Unbabel, Seedrs, ANACOM, Agenda Cultural de Lisboa, Travideo, and Uniplaces, among others, they have established themselves as a reliable and innovative partner for businesses looking to create outstanding websites and digital experiences. In addition to their technical expertise, Widgilabs is known for their active involvement in th",https://woocommerce.com/development-services/widgilabs/235796105/,X,X,X,X,X,X
"Sketches and Pixels, LLC",United States,X,https://sketchesandpixels.com,"Fashion & Beauty, E-commerce & Retail, Energy & Utilities, Government & Public Services, Automotive & Transportation, Marketing & Advertising, Nonprofits & NGOs, Real Estate & Property, Sports & Recreation, Technology & IT Services, Events & Conferences, Education & E-Learning, Finance & Insurance","Headless WordPress & Woo, Website Performance Optimization","WooCommerce, Jetpack, WordPress.com, WordPress VIP",English,$5000,Worldwide,"Accepting new clients Sketches and Pixels, LLC United States Contact on partner website Industries Fashion & Beauty E-commerce & Retail Energy & Utilities Government & Public Services Automotive & Transportation Marketing & Advertising Nonprofits & NGOs Real Estate & Property Sports & Recreation Technology & IT Services Events & Conferences Education & E-Learning Finance & Insurance Services Headless WordPress & Woo Website Performance Optimization Products WooCommerce Jetpack WordPress.com WordPress VIP Accepts projects starting from $5000 Locations served Worldwide Languages spoken English Sketches and Pixels, LLC Infrastructure for High-Volume Brands. Short Bio: Stop losing sales to slow load times. We don’t just build websites; we engineer Headless WooCommerce architectures designed to pass Core Web Vitals, lower ad costs, and scale to $10M+.   #revenue You don’t need another “website.” You need a Profit Engine. Most agencies will build you a store that looks good but loads slowly,",https://woocommerce.com/development-services/sketches-and-pixels-llc/232877930/,X,X,X,X,X,X
Wallmander Co,Sweden,Pro Partner,https://www.wallmanderco.se/woocommerce-experter/,"E-commerce & Retail, Fashion & Beauty, Energy & Utilities, Food & Beverage, Sports & Recreation, Travel & Hospitality","Headless WordPress & Woo, Content Strategy & Development, Growth Consulting, International and Multilingual Consulting, Search Engine Optimization (SEO)","WooCommerce, Pressable","English, British English, Swedish, Norwegian Nynorsk, Danish",$5000,Sweden,"Accepting new clients Pro Partner Wallmander Co Sweden Contact on partner website Industries E-commerce & Retail Fashion & Beauty Energy & Utilities Food & Beverage Sports & Recreation Travel & Hospitality Services Headless WordPress & Woo Content Strategy & Development Growth Consulting International and Multilingual Consulting Search Engine Optimization (SEO) Products WooCommerce Pressable Accepts projects starting from $5000 Locations served Sweden Languages spoken English British English Swedish Norwegian Nynorsk Danish Wallmander Co 🚀 Elevate Your eCommerce with WordPress and WooCommerce Experts At Wallmander Co, we empower businesses through our extensive network of WordPress and WooCommerce specialists. We deliver custom-built solutions, seamless integrations, and optimized performance. With strategic partnerships across the eCommerce industry, we provide results that drive growth and success. 👥 Why Leading eCommerce Brands Choose Wallmander Co Wallmander Co is the go-to partner",https://woocommerce.com/development-services/wallmander-co/233194857/,https://www.linkedin.com/company/wallmanderco,X,X,X,X,X
X,X,X,X,X,X,X,X,X,X,X,https://woocommerce.com/development-services/new-directions-in-computing/251104964/,X,X,X,X,X,X
FlyingFish Web Design & Website Care,Republic of Ireland,Partner,https://flyingfish.ie/,"Travel & Hospitality, E-commerce & Retail, Construction & Engineering, Automotive & Transportation, Agriculture & Farming, Arts & Culture, Education & E-Learning, Energy & Utilities, Entertainment & Media, Environmental & Sustainability, Events & Conferences, Finance & Insurance, Food & Beverage, Government & Public Services, Healthcare & Medical, Legal & Professional Services, Logistics & Supply Chain, Manufacturing & Industry, Marketing & Advertising, Real Estate & Property, Sports & Recreation, Technology & IT Services, Fashion & Beauty, Nonprofits & NGOs","Site Maintenance & Plugin Management, Website or Online Store Development, Site Migration and Platform Integration, Website Performance Optimization, Growth Consulting","Jetpack, Pressable, WooCommerce, WordPress.com","British English, French, English",$5000,Worldwide,Accepting new clients Partner FlyingFish Web Design & Website Care Republic of Ireland Contact on partner website Industries Travel & Hospitality E-commerce & Retail Construction & Engineering Automotive & Transportation Agriculture & Farming Arts & Culture Education & E-Learning Energy & Utilities Entertainment & Media Environmental & Sustainability Events & Conferences Finance & Insurance Food & Beverage Government & Public Services Healthcare & Medical Legal & Professional Services Logistics & Supply Chain Manufacturing & Industry Marketing & Advertising Real Estate & Property Sports & Recreation Technology & IT Services Fashion & Beauty Nonprofits & NGOs Services Site Maintenance & Plugin Management Website or Online Store Development Site Migration and Platform Integration Website Performance Optimization Growth Consulting Products Jetpack Pressable WooCommerce WordPress.com Accepts projects starting from $5000 Locations served Worldwide Languages spoken British English French Eng,https://woocommerce.com/development-services/flyingfish-web-design-website-care/249861364/,X,Paul Andrew Dunne,https://www.linkedin.com/in/jamesmccann862,X,https://www.linkedin.com/in/chiarabridi,info@flyingfish.ie
Bright Vessel | Full Service Digital Agency,United States,Pro Partner,https://www.brightvessel.com/woocommerce-experts/,"Fashion & Beauty, Legal & Professional Services, E-commerce & Retail, Energy & Utilities, Automotive & Transportation","eCommerce Consulting, Growth Consulting, Content Strategy & Development, Conversion Rate & Checkout Optimization, Site Migration and Platform Integration, Website or Online Store Development, Email Marketing & Social Media, Site Maintenance & Plugin Management, Search Engine Optimization (SEO), Website Performance Optimization","WooCommerce, Pressable, WordPress.com, Jetpack, WordPress VIP",English,$0,United States,"Accepting new clients Pro Partner Bright Vessel | Full Service Digital Agency United States Contact on partner website Industries Fashion & Beauty Legal & Professional Services E-commerce & Retail Energy & Utilities Automotive & Transportation Services eCommerce Consulting Growth Consulting Content Strategy & Development Conversion Rate & Checkout Optimization Site Migration and Platform Integration Website or Online Store Development Email Marketing & Social Media Site Maintenance & Plugin Management Search Engine Optimization (SEO) Website Performance Optimization Products WooCommerce Pressable WordPress.com Jetpack WordPress VIP Accepts projects starting from $0 Locations served United States Languages spoken English Bright Vessel | Full Service Digital Agency 🌟Driving Digital Success for B2B and B2C Brands Bright Vessel empowers businesses of all sizes, from start-ups to Fortune 100 companies , with outstanding websites designed to drive growth and impact . Our services cover every",https://woocommerce.com/development-services/bright-vessel-full-service-digital-agency/235066401/,https://www.linkedin.com/company/bright-vessel,Judd Dunagan,X,X,X,ideas@brightvesel.com
cloudwp,Taiwan,Partner,http://cloudwp.pro,E-commerce & Retail,"Site Maintenance & Plugin Management, Headless WordPress & Woo, Website or Online Store Development, Website Performance Optimization",WooCommerce,"English, Traditional Chinese",$0,Worldwide,"Accepting new clients Partner cloudwp Taiwan Contact on partner website Industries E-commerce & Retail Services Site Maintenance & Plugin Management Headless WordPress & Woo Website or Online Store Development Website Performance Optimization Products WooCommerce Accepts projects starting from $0 Locations served Worldwide Languages spoken English Traditional Chinese cloudwp Taiwan’s First WooCommerce Agency Partner cloudwp is a technical team focused on the WooCommerce ecosystem, with members based in Taiwan and Australia, working remotely. Since 2014, we’ve been building and developing e-commerce websites — from custom development to plugin subscriptions to site maintenance — evolving alongside the needs of local merchants. We were the first to offer localized payment and logistics plugin subscriptions for Taiwan’s WooCommerce ecosystem, founded the Facebook WooCommerce Taiwan community, and contribute to WooCommerce’s Traditional Chinese translations. Our team handles the full cycle",https://woocommerce.com/development-services/cloudwp/250740886/,X,X,X,X,X,X
CartKnitter,United States,X,https://cartknitter.com/woocommerce-web-development/,"Legal & Professional Services, Energy & Utilities, Fashion & Beauty, Government & Public Services, Agriculture & Farming, E-commerce & Retail, Automotive & Transportation","Website or Online Store Development, Site Migration and Platform Integration, Site Maintenance & Plugin Management, eCommerce Consulting, Website Performance Optimization","WooCommerce, WordPress.com, WordPress VIP, Jetpack, Pressable",British English,$0,Worldwide,"Accepting new clients CartKnitter United States Contact on partner website Industries Legal & Professional Services Energy & Utilities Fashion & Beauty Government & Public Services Agriculture & Farming E-commerce & Retail Automotive & Transportation Services Website or Online Store Development Site Migration and Platform Integration Site Maintenance & Plugin Management eCommerce Consulting Website Performance Optimization Products WooCommerce WordPress.com WordPress VIP Jetpack Pressable Accepts projects starting from $0 Locations served Worldwide Languages spoken British English CartKnitter CartKnitter is one of the first-generation certified WooCommerce expert with decades of experience in building custom solutions that have enabled leading B2B/B2C brands to generate $100M+ in combined revenue. As an expert in WooCommerce from the platform’s inception, CartKnitter helps companies build and maintain a solid and noticeable online presence. Our expert team has delivered over 1,000 succ",https://woocommerce.com/development-services/cartknitter/235858498/,https://www.linkedin.com/company/cartknitterpro,X,X,X,X,sales@cartknitter.com
Sleeping Giant Studios,United States,Pro Partner,https://www.sleepinggiantstudios.com/contact-us/,"Agriculture & Farming, Legal & Professional Services, Fashion & Beauty, Government & Public Services, E-commerce & Retail, Automotive & Transportation, Energy & Utilities","Site Maintenance & Plugin Management, Site Migration and Platform Integration, eCommerce Consulting, Website or Online Store Development, Website Performance Optimization","Jetpack, Pressable, WooCommerce, WordPress.com",English,$500,Worldwide,"Accepting new clients Pro Partner Sleeping Giant Studios United States Contact on partner website Industries Agriculture & Farming Legal & Professional Services Fashion & Beauty Government & Public Services E-commerce & Retail Automotive & Transportation Energy & Utilities Services Site Maintenance & Plugin Management Site Migration and Platform Integration eCommerce Consulting Website or Online Store Development Website Performance Optimization Products Jetpack Pressable WooCommerce WordPress.com Accepts projects starting from $500 Locations served Worldwide Languages spoken English Sleeping Giant Studios Sleeping Giant Studios is a consultative digital agency based in the beautiful Driftless Area of Wisconsin, that specializes in WordPress & WooCommerce website solutions.  Our 25+-year track record of results-driven outcomes is powered by our passion for helping businesses of all sizes achieve their online goals and objectives.  From simple e-commerce websites to complex projects tha",https://woocommerce.com/development-services/sleeping-giant-studios/232631446/,https://www.linkedin.com/company/2051065?trk=vsrp_companies_res_pri_act&trkInfo=VSRPsearchId%3A394029141433006431500%2CVSRPtargetId%3A2051065%2CVSRPcmpt%3Aprimary,Jon Hage,X,X,X,X
Bitobee,Argentina,Partner,http://www.bitobee.com,"E-commerce & Retail, Fashion & Beauty, Automotive & Transportation, Technology & IT Services","Website or Online Store Development, Headless WordPress & Woo","WooCommerce, Pressable, WordPress.com","English, Spanish",$10000,Worldwide,"Accepting new clients Partner Bitobee Argentina Contact on partner website Industries E-commerce & Retail Fashion & Beauty Automotive & Transportation Technology & IT Services Services Website or Online Store Development Headless WordPress & Woo Products WooCommerce Pressable WordPress.com Accepts projects starting from $10000 Locations served Worldwide Languages spoken English Spanish Bitobee Bitobee is a B2B ecommerce platform designed for wholesale companies that want to scale their digital operations without complexity or variable costs. We combine enterprise-grade WooCommerce, automation, and artificial intelligence to optimize pricing, catalogs, orders, and customer communication. We specialize in ERP integrations and in managing complex catalogs, including spare parts and products with multiple categories and compatibility rules. Our pricing model, based on a fixed cost per approved transaction, aligns incentives and makes us a true strategic partner: the more our clients sell, ",https://woocommerce.com/development-services/bitobee/247379267/,X,X,X,X,X,X
"Camna, LLC",United States,Pro Partner,http://www.camna.com,"Legal & Professional Services, Fashion & Beauty, E-commerce & Retail, Automotive & Transportation","Site Migration and Platform Integration, Website or Online Store Development, eCommerce Consulting, Site Maintenance & Plugin Management, Website Performance Optimization","WooCommerce, Jetpack, Pressable, WordPress.com",English,$500,Worldwide,"Accepting new clients Pro Partner Camna, LLC United States Contact on partner website Industries Legal & Professional Services Fashion & Beauty E-commerce & Retail Automotive & Transportation Services Site Migration and Platform Integration Website or Online Store Development eCommerce Consulting Site Maintenance & Plugin Management Website Performance Optimization Products WooCommerce Jetpack Pressable WordPress.com Accepts projects starting from $500 Locations served Worldwide Languages spoken English Camna, LLC A full-stack web development team specializing in custom WordPress websites and advanced WooCommerce development. We’re a tight collaborative, and highly efficient team of full-stack developers who eat, sleep, and breathe WordPress. We’ve had the privilege to work on projects of every size for clientele ranging from small local businesses to large, international corporations. We provide top-notch custom theme and plugin builds, improvements and on-going maintenance for existi",https://woocommerce.com/development-services/camna-llc/234805323/,X,X,X,X,X,X
MONOBUNT,Austria,Partner,https://monobunt.at,"Automotive & Transportation, E-commerce & Retail, Education & E-Learning, Events & Conferences, Fashion & Beauty, Finance & Insurance, Food & Beverage, Government & Public Services, Logistics & Supply Chain, Healthcare & Medical, Manufacturing & Industry, Marketing & Advertising, Nonprofits & NGOs, Sports & Recreation, Technology & IT Services, Energy & Utilities, Construction & Engineering","eCommerce Consulting, Website or Online Store Development, Search Engine Optimization (SEO), Conversion Rate & Checkout Optimization, Email Marketing & Social Media","WooCommerce, WordPress.com, Pressable, WordPress VIP","German, English",$5000,Worldwide,"Accepting new clients Partner MONOBUNT Austria Contact on partner website Industries Automotive & Transportation E-commerce & Retail Education & E-Learning Events & Conferences Fashion & Beauty Finance & Insurance Food & Beverage Government & Public Services Logistics & Supply Chain Healthcare & Medical Manufacturing & Industry Marketing & Advertising Nonprofits & NGOs Sports & Recreation Technology & IT Services Energy & Utilities Construction & Engineering Services eCommerce Consulting Website or Online Store Development Search Engine Optimization (SEO) Conversion Rate & Checkout Optimization Email Marketing & Social Media Products WooCommerce WordPress.com Pressable WordPress VIP Accepts projects starting from $5000 Locations served Worldwide Languages spoken German English MONOBUNT MONOBUNT GmbH is a digital growth agency specializing in eCommerce development based on WooCommerce , website development on WordPress , and high-quality UX/UI screen design . Our experienced team suppor",https://woocommerce.com/development-services/monobunt/249656040/,https://www.linkedin.com/company/monobunt,Norbert Strappler,https://www.linkedin.com/in/norbertstrappler,X,https://www.linkedin.com/in/natalie-strappler-b3399b261,hallo@monobunt.at
Simplix Innovations | WooCommerce Full Service Agency,United Arab Emirates,X,https://simplixi.com/free-quotation/,"Agriculture & Farming, Legal & Professional Services, E-commerce & Retail, Government & Public Services, Fashion & Beauty, Energy & Utilities, Automotive & Transportation, Travel & Hospitality, Technology & IT Services, Sports & Recreation, Real Estate & Property, Manufacturing & Industry, Healthcare & Medical, Arts & Culture, Education & E-Learning, Events & Conferences, Finance & Insurance, Food & Beverage, Entertainment & Media, Construction & Engineering","Site Migration and Platform Integration, Website or Online Store Development, eCommerce Consulting, Site Maintenance & Plugin Management, Website Performance Optimization","WooCommerce, WordPress.com, Jetpack, WordPress VIP, Pressable","English, Arabic",$500,Worldwide,Accepting new clients Simplix Innovations | WooCommerce Full Service Agency United Arab Emirates Contact on partner website Industries Agriculture & Farming Legal & Professional Services E-commerce & Retail Government & Public Services Fashion & Beauty Energy & Utilities Automotive & Transportation Travel & Hospitality Technology & IT Services Sports & Recreation Real Estate & Property Manufacturing & Industry Healthcare & Medical Arts & Culture Education & E-Learning Events & Conferences Finance & Insurance Food & Beverage Entertainment & Media Construction & Engineering Services Site Migration and Platform Integration Website or Online Store Development eCommerce Consulting Site Maintenance & Plugin Management Website Performance Optimization Products WooCommerce WordPress.com Jetpack WordPress VIP Pressable Accepts projects starting from $500 Locations served Worldwide Languages spoken English Arabic Simplix Innovations | WooCommerce Full Service Agency 🌟 Full Service Web Design & D,https://woocommerce.com/development-services/simplix-innovations-woocommerce-full-service-agency/232995338/,X,X,X,X,X,info@simplixi.comPhone
WD Market,Latvia,X,https://wdmarket.com/woocommerce-development-support/,"E-commerce & Retail, Real Estate & Property, Sports & Recreation, Agriculture & Farming, Automotive & Transportation, Education & E-Learning, Fashion & Beauty, Marketing & Advertising, Healthcare & Medical, Logistics & Supply Chain, Government & Public Services, Arts & Culture","Website or Online Store Development, Website Performance Optimization, Site Migration and Platform Integration, Site Maintenance & Plugin Management, Conversion Rate & Checkout Optimization","Jetpack, Pressable, WooCommerce, WordPress VIP, WordPress.com","English, Italian, Latvian, German",$5000,Worldwide,"Accepting new clients WD Market Latvia Contact on partner website Industries E-commerce & Retail Real Estate & Property Sports & Recreation Agriculture & Farming Automotive & Transportation Education & E-Learning Fashion & Beauty Marketing & Advertising Healthcare & Medical Logistics & Supply Chain Government & Public Services Arts & Culture Services Website or Online Store Development Website Performance Optimization Site Migration and Platform Integration Site Maintenance & Plugin Management Conversion Rate & Checkout Optimization Products Jetpack Pressable WooCommerce WordPress VIP WordPress.com Accepts projects starting from $5000 Locations served Worldwide Languages spoken English Italian Latvian German WD Market Our Offer WD Market provides comprehensive services to help eCommerce businesses thrive and scale. We specialize in WooCommerce and WordPress solutions tailored to your growth objectives. Free Growth Strategy Consultation : We offer a free, personalized strategy session t",https://woocommerce.com/development-services/wd-market/238418746/,https://www.linkedin.com/company/wd-market,Diana Zimina,X,X,X,info@wdmarket.com
Hire Jordan Smith,United States,Pro Partner,https://hirejordansmith.com,"Legal & Professional Services, E-commerce & Retail, Marketing & Advertising, Technology & IT Services","Website or Online Store Development, Website Performance Optimization, Site Maintenance & Plugin Management","Pressable, Jetpack, WooCommerce",English,$0,United States,"Accepting new clients Pro Partner Hire Jordan Smith United States Contact on partner website Industries Legal & Professional Services E-commerce & Retail Marketing & Advertising Technology & IT Services Services Website or Online Store Development Website Performance Optimization Site Maintenance & Plugin Management Products Pressable Jetpack WooCommerce Accepts projects starting from $0 Locations served United States Languages spoken English Hire Jordan Smith Hi, I’m Jordan! I design and build quality websites for businesses all over the United States. If you’re in search of quality web design, web development and SEO look no further! I have well over a decade of experience producing professional websites for businesses of all shapes and sizes all over the United States. Regardless of the type of website you need, I can work with you to create a strategically built website that will help you reach your digital goals. Now that we’re acquainted, you can visit my website to review my por",https://woocommerce.com/development-services/hire-jordan-smith/233124626/,https://www.linkedin.com/company/hire-jordan-smith,X,X,X,X,jordan@hirejordansmith.com
Super Digital,United Kingdom,Pro Partner,http://wearesuper.digital,"Agriculture & Farming, Arts & Culture, Automotive & Transportation, Construction & Engineering, E-commerce & Retail, Education & E-Learning, Energy & Utilities, Entertainment & Media, Environmental & Sustainability, Events & Conferences, Fashion & Beauty, Food & Beverage, Finance & Insurance, Government & Public Services, Healthcare & Medical, Legal & Professional Services, Logistics & Supply Chain, Manufacturing & Industry, Marketing & Advertising, Nonprofits & NGOs, Real Estate & Property, Sports & Recreation, Technology & IT Services, Travel & Hospitality","Content Strategy & Development, Email Marketing & Social Media, Growth Consulting, Paid Advertising, Website or Online Store Development","Jetpack, Pressable, WooCommerce, WordPress.com",British English,$5000,Worldwide,Accepting new clients Pro Partner Super Digital United Kingdom Contact on partner website Industries Agriculture & Farming Arts & Culture Automotive & Transportation Construction & Engineering E-commerce & Retail Education & E-Learning Energy & Utilities Entertainment & Media Environmental & Sustainability Events & Conferences Fashion & Beauty Food & Beverage Finance & Insurance Government & Public Services Healthcare & Medical Legal & Professional Services Logistics & Supply Chain Manufacturing & Industry Marketing & Advertising Nonprofits & NGOs Real Estate & Property Sports & Recreation Technology & IT Services Travel & Hospitality Services Content Strategy & Development Email Marketing & Social Media Growth Consulting Paid Advertising Website or Online Store Development Products Jetpack Pressable WooCommerce WordPress.com Accepts projects starting from $5000 Locations served Worldwide Languages spoken British English Super Digital The Black Country’s coolest Digital Marketing agenc,https://woocommerce.com/development-services/super-digital/247233420/,X,X,X,X,X,X
Cultura Interactive,United States,Pro Partner,https://culturainteractive.com/woocommerce-agency/,"Legal & Professional Services, Fashion & Beauty, E-commerce & Retail, Automotive & Transportation, Energy & Utilities, Agriculture & Farming","Website or Online Store Development, Website Performance Optimization, Site Migration and Platform Integration, Site Maintenance & Plugin Management, eCommerce Consulting","WooCommerce, Pressable","English, Spanish",$500,United States,"Accepting new clients Pro Partner Cultura Interactive United States Contact on partner website Industries Legal & Professional Services Fashion & Beauty E-commerce & Retail Automotive & Transportation Energy & Utilities Agriculture & Farming Services Website or Online Store Development Website Performance Optimization Site Migration and Platform Integration Site Maintenance & Plugin Management eCommerce Consulting Products WooCommerce Pressable Accepts projects starting from $500 Locations served United States Languages spoken English Spanish Cultura Interactive We are a web development agency that specializes in WooCommerce Subscriptions . Our extensive knowledge in WooCommerce coupled with our proven expertise in e-Commerce Subscriptions allows us to fully customize your online store to improve your conversion rate and revenue. Our team of senior WooExperts can migrate your website from another eCommerce platform conveniently, securely, and best of all—without losing a single recurre",https://woocommerce.com/development-services/cultura-interactive/233041687/,https://www.linkedin.com/company/ci-dd,Dan Hirner,X,X,X,X
Silicon Dales,United Kingdom,X,https://silicondales.com/woocommerce/,"Government & Public Services, Fashion & Beauty, E-commerce & Retail, Legal & Professional Services, Agriculture & Farming, Automotive & Transportation, Energy & Utilities","Content Strategy & Development, Conversion Rate & Checkout Optimization, Website Performance Optimization, Website or Online Store Development, eCommerce Consulting","WooCommerce, WordPress VIP","British English, English, Portuguese, French",$500,Worldwide,"Accepting new clients Silicon Dales United Kingdom Contact on partner website Industries Government & Public Services Fashion & Beauty E-commerce & Retail Legal & Professional Services Agriculture & Farming Automotive & Transportation Energy & Utilities Services Content Strategy & Development Conversion Rate & Checkout Optimization Website Performance Optimization Website or Online Store Development eCommerce Consulting Products WooCommerce WordPress VIP Accepts projects starting from $500 Locations served Worldwide Languages spoken British English English Portuguese French Silicon Dales Silicon Dales manage large and complex projects for business clients. WooCommerce full site builds, plugin development and theme development tasks undertaken. Most of our projects will include a degree of complexity which cannot be achieved “out of the box”.",https://woocommerce.com/development-services/silicon-dales/234225137/,X,X,X,X,X,Getintouch@silicondales.com
Needmore Designs,United States,Pro Partner,https://www.needmoredesigns.com/service/digital/woocommerce-websites,"Food & Beverage, E-commerce & Retail, Arts & Culture, Fashion & Beauty, Entertainment & Media, Nonprofits & NGOs, Travel & Hospitality","Website or Online Store Development, Content Strategy & Development, eCommerce Consulting, Email Marketing & Social Media, Site Maintenance & Plugin Management",WooCommerce,English,$20000,Worldwide,"Accepting new clients Pro Partner Needmore Designs United States Contact on partner website Industries Food & Beverage E-commerce & Retail Arts & Culture Fashion & Beauty Entertainment & Media Nonprofits & NGOs Travel & Hospitality Services Website or Online Store Development Content Strategy & Development eCommerce Consulting Email Marketing & Social Media Site Maintenance & Plugin Management Products WooCommerce Accepts projects starting from $20000 Locations served Worldwide Languages spoken English Needmore Designs Needmore Designs is a small Portland studio that’s been building websites and brands since 2004. We work with companies who care about how things are made—whether that’s a product, an experience, or a story worth telling. We start every project with research. Before we design or build anything, we spend time understanding your business, your customers, and what you’re actually trying to accomplish. It makes for better work. We’ve built WooCommerce stores for brands like ",https://woocommerce.com/development-services/needmore-designs/234132895/,X,X,X,X,X,info@needmoredesigns.com
Lamper Design,Netherlands,Partner,https://lamper-design.nl/webshop-laten-maken/,"Legal & Professional Services, Fashion & Beauty, Government & Public Services, E-commerce & Retail, Automotive & Transportation, Energy & Utilities","Website Performance Optimization, Website or Online Store Development, eCommerce Consulting, Site Maintenance & Plugin Management, Conversion Rate & Checkout Optimization","Pressable, WooCommerce","Dutch, English, British English, German",$5000,Netherlands,"Accepting new clients Partner Lamper Design Netherlands Contact on partner website Industries Legal & Professional Services Fashion & Beauty Government & Public Services E-commerce & Retail Automotive & Transportation Energy & Utilities Services Website Performance Optimization Website or Online Store Development eCommerce Consulting Site Maintenance & Plugin Management Conversion Rate & Checkout Optimization Products Pressable WooCommerce Accepts projects starting from $5000 Locations served Netherlands Languages spoken Dutch English British English German Lamper Design Your partner for custom WooCommerce webshops We are a leading WordPress agency in the Netherlands specializing in developing high-quality, custom WooCommerce webshops. With a passion for e-commerce and a keen eye for detail, we deliver tailor-made solutions that perfectly align with the unique needs of our clients. As an official WooCommerce partner, we help businesses not only set up powerful online stores but also en",https://woocommerce.com/development-services/lamper-design/234595592/,https://nl.linkedin.com/company/lamperdesign,X,X,X,X,"sales@lamper-design.nl, info@lamper-design.nl"
Harrison Carloss,United Kingdom,X,https://harrisoncarloss.com/services/ecommerce/,"E-commerce & Retail, Construction & Engineering, Real Estate & Property, Travel & Hospitality, Nonprofits & NGOs, Finance & Insurance, Legal & Professional Services","Website or Online Store Development, Content Strategy & Development, Paid Advertising, Search Engine Optimization (SEO), Site Maintenance & Plugin Management","WooCommerce, WordPress.com",British English,$10000,United Kingdom,"Accepting new clients Harrison Carloss United Kingdom Contact on partner website Industries E-commerce & Retail Construction & Engineering Real Estate & Property Travel & Hospitality Nonprofits & NGOs Finance & Insurance Legal & Professional Services Services Website or Online Store Development Content Strategy & Development Paid Advertising Search Engine Optimization (SEO) Site Maintenance & Plugin Management Products WooCommerce WordPress.com Accepts projects starting from $10000 Locations served United Kingdom Languages spoken British English Harrison Carloss Our ecommerce websites are designed to ‘Woo’ more customers. We’re a strategy-led creative and digital agency with a passion for problem solving . With in-house developers, designers, SEO and copywriters, we collaborate on every project to deliver a website that works for your business and more importantly your customers. We don’t do template websites. Every design is bespoke and made with your unique goals in mind. Our website",https://woocommerce.com/development-services/harrison-carloss/233894212/,https://www.linkedin.com/company/harrisoncarloss,Our People,X,X,X,"hello@harrisoncarloss.com, careers@harrisoncarloss.com"
Hall_,United States,X,https://www.hallme.com/contact-us/,"Legal & Professional Services, Fashion & Beauty, E-commerce & Retail, Energy & Utilities, Government & Public Services, Agriculture & Farming","Paid Advertising, eCommerce Consulting, Website or Online Store Development, Search Engine Optimization (SEO), Site Maintenance & Plugin Management","WooCommerce, Jetpack",English,$10000,Worldwide,"Accepting new clients Hall_ United States Contact on partner website Industries Legal & Professional Services Fashion & Beauty E-commerce & Retail Energy & Utilities Government & Public Services Agriculture & Farming Services Paid Advertising eCommerce Consulting Website or Online Store Development Search Engine Optimization (SEO) Site Maintenance & Plugin Management Products WooCommerce Jetpack Accepts projects starting from $10000 Locations served Worldwide Languages spoken English Hall_ At Hall, we focus on creating websites that perform well across all devices and offer an exceptional user experience. All our websites meet GDPR, CCPA, and ADA compliance and are designed to integrate seamlessly with ERP, OMS, and other popular marketing platforms. Our development team has been building in WordPress since 2004 and WooCommerce since 2011. We have created several publicly available plugins, from WooCommerce address book functionality to SEO workflow tools and a complex order management",https://woocommerce.com/development-services/hall/233073127/,http://www.linkedin.com/company/206243,Mike Johnston,X,X,X,"support@hallme.com, sales@hallme.com"
HelloAri Web Design and Development,United States,Partner,https://www.helloari.com,"Arts & Culture, E-commerce & Retail, Education & E-Learning, Environmental & Sustainability, Fashion & Beauty, Food & Beverage, Healthcare & Medical, Marketing & Advertising, Nonprofits & NGOs","Website or Online Store Development, Website Performance Optimization, Search Engine Optimization (SEO), Paid Advertising, Site Maintenance & Plugin Management","Jetpack, Pressable, WooCommerce, WordPress.com",English,$500,Worldwide,"Accepting new clients Partner HelloAri Web Design and Development United States Contact on partner website Industries Arts & Culture E-commerce & Retail Education & E-Learning Environmental & Sustainability Fashion & Beauty Food & Beverage Healthcare & Medical Marketing & Advertising Nonprofits & NGOs Services Website or Online Store Development Website Performance Optimization Search Engine Optimization (SEO) Paid Advertising Site Maintenance & Plugin Management Products Jetpack Pressable WooCommerce WordPress.com Accepts projects starting from $500 Locations served Worldwide Languages spoken English HelloAri Web Design and Development Since 1996: Crafting Digital Experiences That Last With over 25 years of experience, Ari Salomon leads a team that delivers visually engaging, technically solid web solutions—tailored for small businesses. Our Services We don’t just build websites. We create smart, scalable digital platforms: Responsive Websites – Mobile-ready sites, elegant on any scre",https://woocommerce.com/development-services/helloari-web-design-and-development/242553571/,http://www.linkedin.com/in/helloari,X,http://www.linkedin.com/in/helloari,X,X,X
britecode,United States,Pro Partner,https://britecode.io/woo-expert/,"Legal & Professional Services, Agriculture & Farming, Fashion & Beauty, E-commerce & Retail, Energy & Utilities, Government & Public Services, Automotive & Transportation","eCommerce Consulting, Growth Consulting, Content Strategy & Development, Conversion Rate & Checkout Optimization, Site Migration and Platform Integration, Website or Online Store Development, Email Marketing & Social Media, Site Maintenance & Plugin Management, Paid Advertising, Search Engine Optimization (SEO), Website Performance Optimization","WooCommerce, Pressable","English, Spanish",$0,Worldwide,"Accepting new clients Pro Partner britecode United States Contact on partner website Industries Legal & Professional Services Agriculture & Farming Fashion & Beauty E-commerce & Retail Energy & Utilities Government & Public Services Automotive & Transportation Services eCommerce Consulting Growth Consulting Content Strategy & Development Conversion Rate & Checkout Optimization Site Migration and Platform Integration Website or Online Store Development Email Marketing & Social Media Site Maintenance & Plugin Management Paid Advertising Search Engine Optimization (SEO) Website Performance Optimization Products WooCommerce Pressable Accepts projects starting from $0 Locations served Worldwide Languages spoken English Spanish britecode 💡Bright Tech Ideas Require britecode. 🤝 Built on trust — chosen by brands that demand scalable, high-performance WooCommerce experiences. As a WooCommerce Pro Partner, britecode has been building, fixing, and launching powerful eCommerce experiences for over",https://woocommerce.com/development-services/britecode/232625352/,http://www.linkedin.com/company/2824325?trk=tyah,X,X,X,X,support@britecode.io
Fallen Leaf Design,United Kingdom,Partner,http://www.fallenleafwebdesign.co.uk,"E-commerce & Retail, Real Estate & Property, Construction & Engineering, Fashion & Beauty, Manufacturing & Industry, Technology & IT Services, Travel & Hospitality","Site Maintenance & Plugin Management, Site Migration and Platform Integration, Website Performance Optimization, Website or Online Store Development, eCommerce Consulting","Pressable, WooCommerce, WordPress.com, Jetpack",British English,$5000,Worldwide,"Accepting new clients Partner Fallen Leaf Design United Kingdom Contact on partner website Industries E-commerce & Retail Real Estate & Property Construction & Engineering Fashion & Beauty Manufacturing & Industry Technology & IT Services Travel & Hospitality Services Site Maintenance & Plugin Management Site Migration and Platform Integration Website Performance Optimization Website or Online Store Development eCommerce Consulting Products Pressable WooCommerce WordPress.com Jetpack Accepts projects starting from $5000 Locations served Worldwide Languages spoken British English Fallen Leaf Design You bring the challenge, we do the rest At Fallen Leaf Web Design , we produce technically brilliant websites and digital creative work that delivers powerful results. When your business is ready to increase visibility, drive productivity and explore new opportunities, we’re here to bring your ideas to life. We work with businesses of all sizes, across all industries — building fast, scalable",https://woocommerce.com/development-services/fallen-leaf-design/240258780/,X,X,X,X,X,X
